benchmark,variant,sample,cpu_ms,gpu_color_ms,draws
culling,off,1,9.905000,11.368300,1000
culling,on,1,0.340900,0.223300,20
culling,off,2,10.139000,11.103200,1000
culling,on,2,0.360900,0.192900,20
culling,off,3,9.375600,10.533100,1000
culling,on,3,0.330000,0.093400,20
culling,off,4,9.572000,10.679100,1000
culling,on,4,0.317300,0.119200,20
culling,off,5,9.811400,10.968400,1000
culling,on,5,0.327300,0.075400,20
culling,off,6,11.004100,12.341300,1000
culling,on,6,0.373000,0.130800,20
culling,off,7,10.536700,11.904500,1000
culling,on,7,0.359400,0.122000,20
culling,off,8,9.830000,11.262500,1000
culling,on,8,0.333800,0.141000,20
culling,off,9,9.326500,10.386600,1000
culling,on,9,0.325000,0.148700,20
culling,off,10,9.360200,10.337000,1000
culling,on,10,0.317500,0.099800,20
culling,on,11,0.313400,0.150800,20
culling,off,11,9.267600,10.253400,1000
culling,on,12,0.341800,0.101300,20
culling,off,12,10.314000,11.379300,1000
culling,on,13,0.318900,0.080500,20
culling,off,13,9.415000,10.356900,1000
culling,on,14,0.335800,0.111900,20
culling,off,14,9.837500,10.763000,1000
culling,on,15,0.314400,0.150700,20
culling,off,15,10.201900,11.443800,1000
culling,on,16,0.330200,0.108300,20
culling,off,16,9.339200,10.594300,1000
culling,on,17,0.336900,0.224700,20
culling,off,17,8.998200,10.169500,1000
culling,on,18,0.355600,0.105200,20
culling,off,18,9.134300,9.992800,1000
culling,on,19,0.341900,0.094300,20
culling,off,19,8.933800,9.893000,1000
culling,on,20,0.328400,0.136900,20
culling,off,20,8.954500,9.982500,1000
culling,off,21,9.427700,10.085200,1000
culling,on,21,0.306600,0.091800,20
culling,off,22,9.152500,10.212700,1000
culling,on,22,0.304500,0.087000,20
culling,off,23,8.925900,10.099600,1000
culling,on,23,0.328400,0.171300,20
culling,off,24,9.054000,10.032700,1000
culling,on,24,0.322300,0.110500,20
culling,off,25,9.923400,10.912700,1000
culling,on,25,0.310000,0.082000,20
culling,off,26,10.218700,11.290000,1000
culling,on,26,0.327000,0.085100,20
culling,off,27,9.707700,10.881300,1000
culling,on,27,0.303900,0.080300,20
culling,off,28,9.251500,10.443000,1000
culling,on,28,0.322700,0.127500,20
culling,off,29,10.306900,11.547900,1000
culling,on,29,0.320400,0.146200,20
culling,off,30,9.471400,10.415800,1000
culling,on,30,0.316300,0.111500,20
culling,on,31,0.337300,0.174800,20
culling,off,31,9.191600,10.249700,1000
culling,on,32,0.341400,0.102000,20
culling,off,32,10.059100,11.344800,1000
culling,on,33,0.332900,0.092300,20
culling,off,33,9.533800,10.456700,1000
culling,on,34,0.335000,0.082600,20
culling,off,34,9.720500,11.204200,1000
culling,on,35,0.322400,0.094000,20
culling,off,35,9.679900,10.962800,1000
culling,on,36,0.319300,0.094200,20
culling,off,36,9.932900,11.692200,1000
culling,on,37,0.336700,0.098600,20
culling,off,37,9.735300,10.688300,1000
culling,on,38,0.362100,0.141800,20
culling,off,38,9.704700,11.572300,1000
culling,on,39,0.321400,0.090500,20
culling,off,39,10.378400,11.596500,1000
culling,on,40,0.336600,0.087700,20
culling,off,40,10.391800,11.792400,1000
culling,off,41,9.510200,10.869800,1000
culling,on,41,0.303200,0.092100,20
culling,off,42,9.959800,10.993200,1000
culling,on,42,0.321000,0.093700,20
culling,off,43,12.660700,13.647500,1000
culling,on,43,0.324100,0.102000,20
culling,off,44,10.999600,13.383200,1000
culling,on,44,0.371200,0.143500,20
culling,off,45,11.667000,13.248200,1000
culling,on,45,0.394400,0.179800,20
culling,off,46,9.839800,11.156900,1000
culling,on,46,0.362000,0.130600,20
culling,off,47,10.518000,12.075700,1000
culling,on,47,0.352800,0.132600,20
culling,off,48,11.885100,13.625700,1000
culling,on,48,0.346700,0.184100,20
culling,off,49,11.499900,12.546200,1000
culling,on,49,0.354000,0.130100,20
culling,off,50,10.408400,11.302500,1000
culling,on,50,0.323100,0.144700,20
culling,on,51,0.306200,0.071800,20
culling,off,51,10.879000,11.816100,1000
culling,on,52,0.316900,0.152000,20
culling,off,52,10.597400,12.374800,1000
culling,on,53,0.345800,0.105400,20
culling,off,53,13.181000,14.733900,1000
culling,on,54,0.468900,0.310800,20
culling,off,54,11.093800,12.679400,1000
culling,on,55,0.394800,0.121900,20
culling,off,55,10.516900,11.532400,1000
culling,on,56,0.319500,0.100400,20
culling,off,56,10.722300,12.378500,1000
culling,on,57,0.333300,0.108000,20
culling,off,57,10.164200,11.660500,1000
culling,on,58,0.340900,0.102200,20
culling,off,58,10.117900,11.537400,1000
culling,on,59,0.334500,0.089100,20
culling,off,59,11.959800,13.682400,1000
culling,on,60,0.361200,0.090900,20
culling,off,60,11.089100,13.266600,1000
culling,off,61,11.147100,12.590500,1000
culling,on,61,0.657500,0.386100,20
culling,off,62,11.507600,12.881800,1000
culling,on,62,0.350800,0.082300,20
culling,off,63,10.642300,12.373000,1000
culling,on,63,0.348200,0.100500,20
culling,off,64,10.619000,12.770100,1000
culling,on,64,0.390700,0.111000,20
culling,off,65,11.216900,13.045000,1000
culling,on,65,0.375700,0.139500,20
culling,off,66,12.422600,14.732700,1000
culling,on,66,0.362800,0.112900,20
culling,off,67,12.021600,13.714200,1000
culling,on,67,0.366700,0.129600,20
culling,off,68,11.776600,14.685600,1000
culling,on,68,0.404000,0.119800,20
culling,off,69,13.124300,14.573200,1000
culling,on,69,0.369400,0.095100,20
culling,off,70,10.887500,12.268700,1000
culling,on,70,0.351000,0.139200,20
culling,on,71,0.313900,0.264700,20
culling,off,71,10.219700,11.842100,1000
culling,on,72,0.342200,0.101300,20
culling,off,72,11.297100,13.176400,1000
culling,on,73,0.371700,0.186200,20
culling,off,73,11.577100,13.031100,1000
culling,on,74,0.351800,0.125300,20
culling,off,74,10.256200,11.497600,1000
culling,on,75,0.352700,0.128500,20
culling,off,75,10.952600,12.161000,1000
culling,on,76,0.333700,0.109900,20
culling,off,76,10.961500,12.742500,1000
culling,on,77,0.367900,0.102700,20
culling,off,77,12.445000,14.941200,1000
culling,on,78,0.490300,0.236800,20
culling,off,78,13.648600,16.377100,1000
culling,on,79,0.450200,0.236600,20
culling,off,79,15.560200,18.316400,1000
culling,on,80,0.428000,0.188400,20
culling,off,80,14.611000,17.180300,1000
culling,off,81,15.720200,18.923600,1000
culling,on,81,0.438100,0.186600,20
culling,off,82,15.028800,17.459800,1000
culling,on,82,0.450400,0.204500,20
culling,off,83,15.771300,18.385600,1000
culling,on,83,0.417700,0.145000,20
culling,off,84,14.472500,16.956200,1000
culling,on,84,0.440400,0.206000,20
culling,off,85,14.046100,16.945800,1000
culling,on,85,0.411900,0.116900,20
culling,off,86,14.735400,17.069800,1000
culling,on,86,0.416000,0.202000,20
culling,off,87,13.817900,16.082800,1000
culling,on,87,0.400800,0.129100,20
culling,off,88,13.438000,16.074600,1000
culling,on,88,0.415700,0.149200,20
culling,off,89,13.831400,16.211500,1000
culling,on,89,0.406800,0.248700,20
culling,off,90,13.893000,16.268700,1000
culling,on,90,0.411600,0.132400,20
culling,on,91,0.388000,0.118800,20
culling,off,91,14.686700,17.120700,1000
culling,on,92,0.402800,0.153800,20
culling,off,92,14.176800,17.049000,1000
culling,on,93,0.414300,0.116000,20
culling,off,93,14.297800,17.271800,1000
culling,on,94,0.437000,0.203300,20
culling,off,94,14.563100,17.436600,1000
culling,on,95,0.446500,0.195600,20
culling,off,95,14.653400,17.272300,1000
culling,on,96,0.445200,0.227300,20
culling,off,96,15.370900,18.692600,1000
culling,on,97,0.465400,0.230000,20
culling,off,97,15.272600,17.996400,1000
culling,on,98,0.423100,0.197700,20
culling,off,98,14.836800,17.197900,1000
culling,on,99,0.485200,0.221600,20
culling,off,99,14.402700,17.042300,1000
culling,on,100,0.471400,0.191000,20
culling,off,100,13.868200,16.661500,1000
file_cache,hit,1,0.046000,,
file_cache,miss,1,0.111900,,
file_cache,hit,2,0.040400,,
file_cache,miss,2,0.111700,,
file_cache,hit,3,0.037600,,
file_cache,miss,3,0.103900,,
file_cache,hit,4,0.038100,,
file_cache,miss,4,0.103700,,
file_cache,hit,5,0.035200,,
file_cache,miss,5,0.108000,,
file_cache,hit,6,0.083200,,
file_cache,miss,6,0.107800,,
file_cache,hit,7,0.038000,,
file_cache,miss,7,0.115700,,
file_cache,hit,8,0.035400,,
file_cache,miss,8,0.184600,,
file_cache,hit,9,0.057200,,
file_cache,miss,9,0.116100,,
file_cache,hit,10,0.038600,,
file_cache,miss,10,0.104500,,
file_cache,hit,11,0.036800,,
file_cache,miss,11,0.107000,,
file_cache,hit,12,0.037600,,
file_cache,miss,12,0.100500,,
file_cache,hit,13,0.035000,,
file_cache,miss,13,0.104200,,
file_cache,hit,14,0.035500,,
file_cache,miss,14,0.099600,,
file_cache,hit,15,0.034300,,
file_cache,miss,15,0.098600,,
file_cache,hit,16,0.038600,,
file_cache,miss,16,0.108300,,
file_cache,hit,17,0.037100,,
file_cache,miss,17,0.125400,,
file_cache,hit,18,0.053500,,
file_cache,miss,18,0.105500,,
file_cache,hit,19,0.049300,,
file_cache,miss,19,0.109000,,
file_cache,hit,20,0.037000,,
file_cache,miss,20,0.103400,,
file_cache,hit,21,0.035100,,
file_cache,miss,21,0.097300,,
file_cache,hit,22,0.093900,,
file_cache,miss,22,0.160800,,
file_cache,hit,23,0.045100,,
file_cache,miss,23,0.109600,,
file_cache,hit,24,0.037200,,
file_cache,miss,24,0.097800,,
file_cache,hit,25,0.034700,,
file_cache,miss,25,0.100600,,
file_cache,hit,26,0.037000,,
file_cache,miss,26,0.100300,,
file_cache,hit,27,0.037100,,
file_cache,miss,27,0.105100,,
file_cache,hit,28,0.039000,,
file_cache,miss,28,0.098200,,
file_cache,hit,29,0.035000,,
file_cache,miss,29,0.095600,,
file_cache,hit,30,0.033600,,
file_cache,miss,30,0.096200,,
file_cache,hit,31,0.034200,,
file_cache,miss,31,0.096900,,
file_cache,hit,32,0.033300,,
file_cache,miss,32,0.099400,,
file_cache,hit,33,0.037200,,
file_cache,miss,33,0.114300,,
file_cache,hit,34,0.036100,,
file_cache,miss,34,0.104500,,
file_cache,hit,35,0.041000,,
file_cache,miss,35,0.109600,,
file_cache,hit,36,0.038500,,
file_cache,miss,36,0.112500,,
file_cache,hit,37,0.038000,,
file_cache,miss,37,0.112000,,
file_cache,hit,38,0.036400,,
file_cache,miss,38,0.109400,,
file_cache,hit,39,0.037900,,
file_cache,miss,39,0.112400,,
file_cache,hit,40,0.038400,,
file_cache,miss,40,0.099100,,
file_cache,hit,41,0.037200,,
file_cache,miss,41,0.108000,,
file_cache,hit,42,0.038300,,
file_cache,miss,42,0.107300,,
file_cache,hit,43,0.037400,,
file_cache,miss,43,0.108500,,
file_cache,hit,44,0.037300,,
file_cache,miss,44,0.105400,,
file_cache,hit,45,0.037200,,
file_cache,miss,45,0.108400,,
file_cache,hit,46,0.033400,,
file_cache,miss,46,0.137000,,
file_cache,hit,47,0.062400,,
file_cache,miss,47,0.148300,,
file_cache,hit,48,0.040100,,
file_cache,miss,48,0.105400,,
file_cache,hit,49,0.034200,,
file_cache,miss,49,0.102800,,
file_cache,hit,50,0.036700,,
file_cache,miss,50,0.101000,,
file_cache,hit,51,0.035700,,
file_cache,miss,51,0.097300,,
file_cache,hit,52,0.035800,,
file_cache,miss,52,0.111400,,
file_cache,hit,53,0.035900,,
file_cache,miss,53,0.103000,,
file_cache,hit,54,0.036000,,
file_cache,miss,54,0.095100,,
file_cache,hit,55,0.033500,,
file_cache,miss,55,0.170700,,
file_cache,hit,56,0.036400,,
file_cache,miss,56,0.101800,,
file_cache,hit,57,0.035200,,
file_cache,miss,57,0.098000,,
file_cache,hit,58,0.036900,,
file_cache,miss,58,0.193100,,
file_cache,hit,59,0.056000,,
file_cache,miss,59,0.126000,,
file_cache,hit,60,0.035900,,
file_cache,miss,60,0.099900,,
file_cache,hit,61,0.034800,,
file_cache,miss,61,0.100300,,
file_cache,hit,62,0.034100,,
file_cache,miss,62,0.096200,,
file_cache,hit,63,0.034400,,
file_cache,miss,63,0.111500,,
file_cache,hit,64,0.034200,,
file_cache,miss,64,0.098700,,
file_cache,hit,65,0.036600,,
file_cache,miss,65,0.101400,,
file_cache,hit,66,0.035200,,
file_cache,miss,66,0.095500,,
file_cache,hit,67,0.033800,,
file_cache,miss,67,0.095700,,
file_cache,hit,68,0.037400,,
file_cache,miss,68,0.095800,,
file_cache,hit,69,0.033700,,
file_cache,miss,69,0.102000,,
file_cache,hit,70,0.044800,,
file_cache,miss,70,0.098900,,
file_cache,hit,71,0.033600,,
file_cache,miss,71,0.095600,,
file_cache,hit,72,0.034700,,
file_cache,miss,72,0.098200,,
file_cache,hit,73,0.033400,,
file_cache,miss,73,0.095200,,
file_cache,hit,74,0.033800,,
file_cache,miss,74,0.095800,,
file_cache,hit,75,0.033800,,
file_cache,miss,75,0.098100,,
file_cache,hit,76,0.034400,,
file_cache,miss,76,0.096300,,
file_cache,hit,77,0.050600,,
file_cache,miss,77,0.095800,,
file_cache,hit,78,0.033900,,
file_cache,miss,78,0.095200,,
file_cache,hit,79,0.047800,,
file_cache,miss,79,0.096600,,
file_cache,hit,80,0.047800,,
file_cache,miss,80,0.115100,,
file_cache,hit,81,0.038500,,
file_cache,miss,81,0.099700,,
file_cache,hit,82,0.036200,,
file_cache,miss,82,0.103100,,
file_cache,hit,83,0.035700,,
file_cache,miss,83,0.097600,,
file_cache,hit,84,0.034000,,
file_cache,miss,84,0.212800,,
file_cache,hit,85,0.042900,,
file_cache,miss,85,0.104600,,
file_cache,hit,86,0.036200,,
file_cache,miss,86,0.100100,,
file_cache,hit,87,0.034800,,
file_cache,miss,87,0.118400,,
file_cache,hit,88,0.033900,,
file_cache,miss,88,0.098700,,
file_cache,hit,89,0.033900,,
file_cache,miss,89,0.096400,,
file_cache,hit,90,0.034700,,
file_cache,miss,90,0.107600,,
file_cache,hit,91,0.035200,,
file_cache,miss,91,0.096800,,
file_cache,hit,92,0.036000,,
file_cache,miss,92,0.097300,,
file_cache,hit,93,0.034800,,
file_cache,miss,93,0.096100,,
file_cache,hit,94,0.034100,,
file_cache,miss,94,0.101300,,
file_cache,hit,95,0.034100,,
file_cache,miss,95,0.107000,,
file_cache,hit,96,0.042700,,
file_cache,miss,96,0.098600,,
file_cache,hit,97,0.033700,,
file_cache,miss,97,0.097100,,
file_cache,hit,98,0.034400,,
file_cache,miss,98,0.096800,,
file_cache,hit,99,0.032800,,
file_cache,miss,99,0.097500,,
file_cache,hit,100,0.033800,,
file_cache,miss,100,0.096600,,
file_cache,hit,101,0.034400,,
file_cache,miss,101,0.095400,,
file_cache,hit,102,0.033800,,
file_cache,miss,102,0.097400,,
file_cache,hit,103,0.032900,,
file_cache,miss,103,0.099700,,
file_cache,hit,104,0.033800,,
file_cache,miss,104,0.093700,,
file_cache,hit,105,0.032500,,
file_cache,miss,105,0.093900,,
file_cache,hit,106,0.033300,,
file_cache,miss,106,0.093300,,
file_cache,hit,107,0.039700,,
file_cache,miss,107,0.093600,,
file_cache,hit,108,0.033100,,
file_cache,miss,108,0.095600,,
file_cache,hit,109,0.033200,,
file_cache,miss,109,0.097200,,
file_cache,hit,110,0.034000,,
file_cache,miss,110,0.100600,,
file_cache,hit,111,0.033600,,
file_cache,miss,111,0.094200,,
file_cache,hit,112,0.034000,,
file_cache,miss,112,0.098900,,
file_cache,hit,113,0.036500,,
file_cache,miss,113,0.094900,,
file_cache,hit,114,0.033500,,
file_cache,miss,114,0.102500,,
file_cache,hit,115,0.033100,,
file_cache,miss,115,0.092800,,
file_cache,hit,116,0.033000,,
file_cache,miss,116,0.093800,,
file_cache,hit,117,0.034100,,
file_cache,miss,117,0.096600,,
file_cache,hit,118,0.033000,,
file_cache,miss,118,0.098500,,
file_cache,hit,119,0.035500,,
file_cache,miss,119,0.094400,,
file_cache,hit,120,0.033200,,
file_cache,miss,120,0.093400,,
file_cache,hit,121,0.033000,,
file_cache,miss,121,0.099400,,
file_cache,hit,122,0.142400,,
file_cache,miss,122,0.171200,,
file_cache,hit,123,0.042700,,
file_cache,miss,123,0.107900,,
file_cache,hit,124,0.035200,,
file_cache,miss,124,0.102500,,
file_cache,hit,125,0.037900,,
file_cache,miss,125,0.107700,,
file_cache,hit,126,0.035200,,
file_cache,miss,126,0.101500,,
file_cache,hit,127,0.049700,,
file_cache,miss,127,0.099000,,
file_cache,hit,128,0.051300,,
file_cache,miss,128,0.131500,,
file_cache,hit,129,0.037700,,
file_cache,miss,129,0.103600,,
file_cache,hit,130,0.036500,,
file_cache,miss,130,0.101800,,
file_cache,hit,131,0.035600,,
file_cache,miss,131,0.106800,,
file_cache,hit,132,0.034400,,
file_cache,miss,132,0.100400,,
file_cache,hit,133,0.037600,,
file_cache,miss,133,0.113400,,
file_cache,hit,134,0.035300,,
file_cache,miss,134,0.101100,,
file_cache,hit,135,0.034800,,
file_cache,miss,135,0.105500,,
file_cache,hit,136,0.036000,,
file_cache,miss,136,0.102700,,
file_cache,hit,137,0.032900,,
file_cache,miss,137,0.092400,,
file_cache,hit,138,0.033300,,
file_cache,miss,138,0.094000,,
file_cache,hit,139,0.033200,,
file_cache,miss,139,0.093700,,
file_cache,hit,140,0.032600,,
file_cache,miss,140,0.099900,,
file_cache,hit,141,0.032900,,
file_cache,miss,141,0.093800,,
file_cache,hit,142,0.032600,,
file_cache,miss,142,0.093100,,
file_cache,hit,143,0.039200,,
file_cache,miss,143,0.095200,,
file_cache,hit,144,0.032400,,
file_cache,miss,144,0.093500,,
file_cache,hit,145,0.033000,,
file_cache,miss,145,0.102300,,
file_cache,hit,146,0.035000,,
file_cache,miss,146,0.106400,,
file_cache,hit,147,0.036500,,
file_cache,miss,147,0.098400,,
file_cache,hit,148,0.036200,,
file_cache,miss,148,0.096900,,
file_cache,hit,149,0.034400,,
file_cache,miss,149,0.094400,,
file_cache,hit,150,0.034400,,
file_cache,miss,150,0.100000,,
file_cache,hit,151,0.033100,,
file_cache,miss,151,0.094700,,
file_cache,hit,152,0.032600,,
file_cache,miss,152,0.119000,,
file_cache,hit,153,0.032700,,
file_cache,miss,153,0.097600,,
file_cache,hit,154,0.032800,,
file_cache,miss,154,0.097700,,
file_cache,hit,155,0.033200,,
file_cache,miss,155,0.094100,,
file_cache,hit,156,0.032400,,
file_cache,miss,156,0.099500,,
file_cache,hit,157,0.032300,,
file_cache,miss,157,0.092400,,
file_cache,hit,158,0.032900,,
file_cache,miss,158,0.114500,,
file_cache,hit,159,0.032700,,
file_cache,miss,159,0.092500,,
file_cache,hit,160,0.031900,,
file_cache,miss,160,0.091900,,
file_cache,hit,161,0.033000,,
file_cache,miss,161,0.093100,,
file_cache,hit,162,0.035000,,
file_cache,miss,162,0.106400,,
file_cache,hit,163,0.033000,,
file_cache,miss,163,0.095000,,
file_cache,hit,164,0.035400,,
file_cache,miss,164,0.098200,,
file_cache,hit,165,0.033600,,
file_cache,miss,165,0.093800,,
file_cache,hit,166,0.033200,,
file_cache,miss,166,0.094600,,
file_cache,hit,167,0.032700,,
file_cache,miss,167,0.095700,,
file_cache,hit,168,0.032800,,
file_cache,miss,168,0.093200,,
file_cache,hit,169,0.033000,,
file_cache,miss,169,0.098900,,
file_cache,hit,170,0.033200,,
file_cache,miss,170,0.105100,,
file_cache,hit,171,0.036200,,
file_cache,miss,171,0.103300,,
file_cache,hit,172,0.036900,,
file_cache,miss,172,0.104800,,
file_cache,hit,173,0.037100,,
file_cache,miss,173,0.098100,,
file_cache,hit,174,0.033100,,
file_cache,miss,174,0.092200,,
file_cache,hit,175,0.031800,,
file_cache,miss,175,0.094200,,
file_cache,hit,176,0.034300,,
file_cache,miss,176,0.096800,,
file_cache,hit,177,0.032600,,
file_cache,miss,177,0.093000,,
file_cache,hit,178,0.032600,,
file_cache,miss,178,0.091000,,
file_cache,hit,179,0.031900,,
file_cache,miss,179,0.091700,,
file_cache,hit,180,0.031900,,
file_cache,miss,180,0.090800,,
file_cache,hit,181,0.031800,,
file_cache,miss,181,0.089600,,
file_cache,hit,182,0.031700,,
file_cache,miss,182,0.100600,,
file_cache,hit,183,0.033600,,
file_cache,miss,183,0.095400,,
file_cache,hit,184,0.033800,,
file_cache,miss,184,0.091800,,
file_cache,hit,185,0.033400,,
file_cache,miss,185,0.128500,,
file_cache,hit,186,0.033500,,
file_cache,miss,186,0.099900,,
file_cache,hit,187,0.033600,,
file_cache,miss,187,0.106600,,
file_cache,hit,188,0.041700,,
file_cache,miss,188,0.096600,,
file_cache,hit,189,0.035700,,
file_cache,miss,189,0.097500,,
file_cache,hit,190,0.034600,,
file_cache,miss,190,0.096100,,
file_cache,hit,191,0.033900,,
file_cache,miss,191,0.101700,,
file_cache,hit,192,0.034000,,
file_cache,miss,192,0.103500,,
file_cache,hit,193,0.034100,,
file_cache,miss,193,0.097300,,
file_cache,hit,194,0.033600,,
file_cache,miss,194,0.096200,,
file_cache,hit,195,0.033800,,
file_cache,miss,195,0.095900,,
file_cache,hit,196,0.032600,,
file_cache,miss,196,0.095400,,
file_cache,hit,197,0.035200,,
file_cache,miss,197,0.113500,,
file_cache,hit,198,0.034400,,
file_cache,miss,198,0.095400,,
file_cache,hit,199,0.035800,,
file_cache,miss,199,0.097000,,
file_cache,hit,200,0.034400,,
file_cache,miss,200,0.094500,,
file_cache,hit,201,0.038200,,
file_cache,miss,201,0.097000,,
file_cache,hit,202,0.031700,,
file_cache,miss,202,0.095100,,
file_cache,hit,203,0.032000,,
file_cache,miss,203,0.097700,,
file_cache,hit,204,0.033400,,
file_cache,miss,204,0.093600,,
file_cache,hit,205,0.032200,,
file_cache,miss,205,0.099200,,
file_cache,hit,206,0.034600,,
file_cache,miss,206,0.102300,,
file_cache,hit,207,0.048500,,
file_cache,miss,207,0.095600,,
file_cache,hit,208,0.033000,,
file_cache,miss,208,0.120500,,
file_cache,hit,209,0.033800,,
file_cache,miss,209,0.095200,,
file_cache,hit,210,0.033900,,
file_cache,miss,210,0.095400,,
file_cache,hit,211,0.033500,,
file_cache,miss,211,0.110400,,
file_cache,hit,212,0.032800,,
file_cache,miss,212,0.095900,,
file_cache,hit,213,0.032400,,
file_cache,miss,213,0.096800,,
file_cache,hit,214,0.031300,,
file_cache,miss,214,0.096600,,
file_cache,hit,215,0.032000,,
file_cache,miss,215,0.094400,,
file_cache,hit,216,0.033300,,
file_cache,miss,216,0.094500,,
file_cache,hit,217,0.033400,,
file_cache,miss,217,0.096800,,
file_cache,hit,218,0.033000,,
file_cache,miss,218,0.094800,,
file_cache,hit,219,0.032100,,
file_cache,miss,219,0.096000,,
file_cache,hit,220,0.033200,,
file_cache,miss,220,0.094800,,
file_cache,hit,221,0.034000,,
file_cache,miss,221,0.094700,,
file_cache,hit,222,0.033200,,
file_cache,miss,222,0.110200,,
file_cache,hit,223,0.032700,,
file_cache,miss,223,0.107900,,
file_cache,hit,224,0.032700,,
file_cache,miss,224,0.095700,,
file_cache,hit,225,0.031500,,
file_cache,miss,225,0.100500,,
file_cache,hit,226,0.032500,,
file_cache,miss,226,0.096400,,
file_cache,hit,227,0.033400,,
file_cache,miss,227,0.100100,,
file_cache,hit,228,0.033000,,
file_cache,miss,228,0.094500,,
file_cache,hit,229,0.032300,,
file_cache,miss,229,0.097300,,
file_cache,hit,230,0.033500,,
file_cache,miss,230,0.093200,,
file_cache,hit,231,0.045200,,
file_cache,miss,231,0.093200,,
file_cache,hit,232,0.032900,,
file_cache,miss,232,0.092700,,
file_cache,hit,233,0.032500,,
file_cache,miss,233,0.092000,,
file_cache,hit,234,0.031700,,
file_cache,miss,234,0.095600,,
file_cache,hit,235,0.031200,,
file_cache,miss,235,0.093400,,
file_cache,hit,236,0.030200,,
file_cache,miss,236,0.087700,,
file_cache,hit,237,0.031900,,
file_cache,miss,237,0.091700,,
file_cache,hit,238,0.029900,,
file_cache,miss,238,0.092000,,
file_cache,hit,239,0.031300,,
file_cache,miss,239,0.087000,,
file_cache,hit,240,0.030200,,
file_cache,miss,240,0.086800,,
file_cache,hit,241,0.030500,,
file_cache,miss,241,0.087300,,
file_cache,hit,242,0.030200,,
file_cache,miss,242,0.086700,,
file_cache,hit,243,0.030200,,
file_cache,miss,243,0.087100,,
file_cache,hit,244,0.030200,,
file_cache,miss,244,0.093800,,
file_cache,hit,245,0.030700,,
file_cache,miss,245,0.087300,,
file_cache,hit,246,0.030200,,
file_cache,miss,246,0.086500,,
file_cache,hit,247,0.030000,,
file_cache,miss,247,0.087000,,
file_cache,hit,248,0.030500,,
file_cache,miss,248,0.086600,,
file_cache,hit,249,0.030000,,
file_cache,miss,249,0.087500,,
file_cache,hit,250,0.030200,,
file_cache,miss,250,0.086700,,
file_cache,hit,251,0.030500,,
file_cache,miss,251,0.087400,,
file_cache,hit,252,0.030900,,
file_cache,miss,252,0.088200,,
file_cache,hit,253,0.030500,,
file_cache,miss,253,0.088900,,
file_cache,hit,254,0.030600,,
file_cache,miss,254,0.088000,,
file_cache,hit,255,0.030400,,
file_cache,miss,255,0.087400,,
file_cache,hit,256,0.030600,,
file_cache,miss,256,0.087600,,
file_cache,hit,257,0.030800,,
file_cache,miss,257,0.109200,,
file_cache,hit,258,0.032300,,
file_cache,miss,258,0.091800,,
file_cache,hit,259,0.033000,,
file_cache,miss,259,0.092100,,
file_cache,hit,260,0.030600,,
file_cache,miss,260,0.106800,,
file_cache,hit,261,0.031800,,
file_cache,miss,261,0.087100,,
file_cache,hit,262,0.030000,,
file_cache,miss,262,0.090800,,
file_cache,hit,263,0.029700,,
file_cache,miss,263,0.090300,,
file_cache,hit,264,0.030100,,
file_cache,miss,264,0.098700,,
file_cache,hit,265,0.031600,,
file_cache,miss,265,0.090300,,
file_cache,hit,266,0.029900,,
file_cache,miss,266,0.086500,,
file_cache,hit,267,0.030300,,
file_cache,miss,267,0.099300,,
file_cache,hit,268,0.037900,,
file_cache,miss,268,0.098000,,
file_cache,hit,269,0.030700,,
file_cache,miss,269,0.086400,,
file_cache,hit,270,0.030200,,
file_cache,miss,270,0.091400,,
file_cache,hit,271,0.031600,,
file_cache,miss,271,0.097600,,
file_cache,hit,272,0.031800,,
file_cache,miss,272,0.098200,,
file_cache,hit,273,0.031200,,
file_cache,miss,273,0.095400,,
file_cache,hit,274,0.035300,,
file_cache,miss,274,0.087400,,
file_cache,hit,275,0.031500,,
file_cache,miss,275,0.100900,,
file_cache,hit,276,0.032500,,
file_cache,miss,276,0.112700,,
file_cache,hit,277,0.032300,,
file_cache,miss,277,0.088700,,
file_cache,hit,278,0.030300,,
file_cache,miss,278,0.088300,,
file_cache,hit,279,0.038200,,
file_cache,miss,279,0.184800,,
file_cache,hit,280,0.056900,,
file_cache,miss,280,0.135800,,
file_cache,hit,281,0.043600,,
file_cache,miss,281,0.095000,,
file_cache,hit,282,0.031500,,
file_cache,miss,282,0.092700,,
file_cache,hit,283,0.030800,,
file_cache,miss,283,0.086800,,
file_cache,hit,284,0.030000,,
file_cache,miss,284,0.086500,,
file_cache,hit,285,0.032900,,
file_cache,miss,285,0.100000,,
file_cache,hit,286,0.031600,,
file_cache,miss,286,0.089400,,
file_cache,hit,287,0.030200,,
file_cache,miss,287,0.086800,,
file_cache,hit,288,0.029900,,
file_cache,miss,288,0.085400,,
file_cache,hit,289,0.030000,,
file_cache,miss,289,0.093400,,
file_cache,hit,290,0.030600,,
file_cache,miss,290,0.085900,,
file_cache,hit,291,0.029700,,
file_cache,miss,291,0.085200,,
file_cache,hit,292,0.035800,,
file_cache,miss,292,0.085400,,
file_cache,hit,293,0.029600,,
file_cache,miss,293,0.089300,,
file_cache,hit,294,0.033400,,
file_cache,miss,294,0.087100,,
file_cache,hit,295,0.029700,,
file_cache,miss,295,0.087400,,
file_cache,hit,296,0.029500,,
file_cache,miss,296,0.084700,,
file_cache,hit,297,0.029300,,
file_cache,miss,297,0.085800,,
file_cache,hit,298,0.034100,,
file_cache,miss,298,0.088500,,
file_cache,hit,299,0.029800,,
file_cache,miss,299,0.086800,,
file_cache,hit,300,0.030200,,
file_cache,miss,300,0.086400,,
file_cache,hit,301,0.034500,,
file_cache,miss,301,0.087000,,
file_cache,hit,302,0.039800,,
file_cache,miss,302,0.095500,,
file_cache,hit,303,0.032400,,
file_cache,miss,303,0.096100,,
file_cache,hit,304,0.030700,,
file_cache,miss,304,0.090000,,
file_cache,hit,305,0.034000,,
file_cache,miss,305,0.098900,,
file_cache,hit,306,0.061900,,
file_cache,miss,306,0.112800,,
file_cache,hit,307,0.032100,,
file_cache,miss,307,0.089900,,
file_cache,hit,308,0.030200,,
file_cache,miss,308,0.092800,,
file_cache,hit,309,0.029400,,
file_cache,miss,309,0.092700,,
file_cache,hit,310,0.031400,,
file_cache,miss,310,0.090900,,
file_cache,hit,311,0.029400,,
file_cache,miss,311,0.128900,,
file_cache,hit,312,0.068200,,
file_cache,miss,312,0.115500,,
file_cache,hit,313,0.033800,,
file_cache,miss,313,0.089000,,
file_cache,hit,314,0.031900,,
file_cache,miss,314,0.098500,,
file_cache,hit,315,0.030000,,
file_cache,miss,315,0.097400,,
file_cache,hit,316,0.029800,,
file_cache,miss,316,0.087600,,
file_cache,hit,317,0.078200,,
file_cache,miss,317,0.096600,,
file_cache,hit,318,0.029900,,
file_cache,miss,318,0.104600,,
file_cache,hit,319,0.032200,,
file_cache,miss,319,0.091100,,
file_cache,hit,320,0.030800,,
file_cache,miss,320,0.085800,,
file_cache,hit,321,0.030600,,
file_cache,miss,321,0.089300,,
file_cache,hit,322,0.031100,,
file_cache,miss,322,0.090700,,
file_cache,hit,323,0.031100,,
file_cache,miss,323,0.087700,,
file_cache,hit,324,0.034100,,
file_cache,miss,324,0.084900,,
file_cache,hit,325,0.029500,,
file_cache,miss,325,0.085200,,
file_cache,hit,326,0.029100,,
file_cache,miss,326,0.084700,,
file_cache,hit,327,0.028700,,
file_cache,miss,327,0.083900,,
file_cache,hit,328,0.029100,,
file_cache,miss,328,0.090100,,
file_cache,hit,329,0.029900,,
file_cache,miss,329,0.084400,,
file_cache,hit,330,0.028800,,
file_cache,miss,330,0.084500,,
file_cache,hit,331,0.029200,,
file_cache,miss,331,0.085000,,
file_cache,hit,332,0.029300,,
file_cache,miss,332,0.083300,,
file_cache,hit,333,0.036700,,
file_cache,miss,333,0.085000,,
file_cache,hit,334,0.028900,,
file_cache,miss,334,0.085300,,
file_cache,hit,335,0.029200,,
file_cache,miss,335,0.115400,,
file_cache,hit,336,0.031200,,
file_cache,miss,336,0.089200,,
file_cache,hit,337,0.030700,,
file_cache,miss,337,0.084700,,
file_cache,hit,338,0.029700,,
file_cache,miss,338,0.084700,,
file_cache,hit,339,0.029000,,
file_cache,miss,339,0.083600,,
file_cache,hit,340,0.029000,,
file_cache,miss,340,0.090300,,
file_cache,hit,341,0.028700,,
file_cache,miss,341,0.083600,,
file_cache,hit,342,0.029500,,
file_cache,miss,342,0.105300,,
file_cache,hit,343,0.028800,,
file_cache,miss,343,0.096700,,
file_cache,hit,344,0.029900,,
file_cache,miss,344,0.087600,,
file_cache,hit,345,0.029500,,
file_cache,miss,345,0.083200,,
file_cache,hit,346,0.028900,,
file_cache,miss,346,0.083400,,
file_cache,hit,347,0.030300,,
file_cache,miss,347,0.088200,,
file_cache,hit,348,0.029000,,
file_cache,miss,348,0.083800,,
file_cache,hit,349,0.029000,,
file_cache,miss,349,0.083500,,
file_cache,hit,350,0.029000,,
file_cache,miss,350,0.083300,,
file_cache,hit,351,0.028900,,
file_cache,miss,351,0.083600,,
file_cache,hit,352,0.061600,,
file_cache,miss,352,0.096200,,
file_cache,hit,353,0.030500,,
file_cache,miss,353,0.085000,,
file_cache,hit,354,0.029300,,
file_cache,miss,354,0.084600,,
file_cache,hit,355,0.029000,,
file_cache,miss,355,0.083600,,
file_cache,hit,356,0.030100,,
file_cache,miss,356,0.088100,,
file_cache,hit,357,0.030600,,
file_cache,miss,357,0.085200,,
file_cache,hit,358,0.029200,,
file_cache,miss,358,0.084000,,
file_cache,hit,359,0.029200,,
file_cache,miss,359,0.083900,,
file_cache,hit,360,0.032600,,
file_cache,miss,360,0.085100,,
file_cache,hit,361,0.028300,,
file_cache,miss,361,0.085900,,
file_cache,hit,362,0.028400,,
file_cache,miss,362,0.083200,,
file_cache,hit,363,0.028400,,
file_cache,miss,363,0.081400,,
file_cache,hit,364,0.028300,,
file_cache,miss,364,0.083800,,
file_cache,hit,365,0.028200,,
file_cache,miss,365,0.082100,,
file_cache,hit,366,0.029200,,
file_cache,miss,366,0.081500,,
file_cache,hit,367,0.028400,,
file_cache,miss,367,0.083100,,
file_cache,hit,368,0.028200,,
file_cache,miss,368,0.096500,,
file_cache,hit,369,0.029400,,
file_cache,miss,369,0.089700,,
file_cache,hit,370,0.029300,,
file_cache,miss,370,0.082200,,
file_cache,hit,371,0.028700,,
file_cache,miss,371,0.082000,,
file_cache,hit,372,0.028000,,
file_cache,miss,372,0.119900,,
file_cache,hit,373,0.030300,,
file_cache,miss,373,0.093300,,
file_cache,hit,374,0.029200,,
file_cache,miss,374,0.082900,,
file_cache,hit,375,0.028600,,
file_cache,miss,375,0.091700,,
file_cache,hit,376,0.031900,,
file_cache,miss,376,0.097400,,
file_cache,hit,377,0.031000,,
file_cache,miss,377,0.095000,,
file_cache,hit,378,0.030000,,
file_cache,miss,378,0.086200,,
file_cache,hit,379,0.031200,,
file_cache,miss,379,0.087900,,
file_cache,hit,380,0.028400,,
file_cache,miss,380,0.089300,,
file_cache,hit,381,0.031000,,
file_cache,miss,381,0.090100,,
file_cache,hit,382,0.029600,,
file_cache,miss,382,0.085700,,
file_cache,hit,383,0.030800,,
file_cache,miss,383,0.087600,,
file_cache,hit,384,0.031700,,
file_cache,miss,384,0.098100,,
file_cache,hit,385,0.030700,,
file_cache,miss,385,0.104800,,
file_cache,hit,386,0.028500,,
file_cache,miss,386,0.083200,,
file_cache,hit,387,0.028500,,
file_cache,miss,387,0.082300,,
file_cache,hit,388,0.028200,,
file_cache,miss,388,0.082100,,
file_cache,hit,389,0.030700,,
file_cache,miss,389,0.086800,,
file_cache,hit,390,0.038400,,
file_cache,miss,390,0.090200,,
file_cache,hit,391,0.031000,,
file_cache,miss,391,0.082400,,
file_cache,hit,392,0.028200,,
file_cache,miss,392,0.081700,,
file_cache,hit,393,0.040800,,
file_cache,miss,393,0.090800,,
file_cache,hit,394,0.029200,,
file_cache,miss,394,0.126800,,
file_cache,hit,395,0.033500,,
file_cache,miss,395,0.081300,,
file_cache,hit,396,0.027900,,
file_cache,miss,396,0.079300,,
file_cache,hit,397,0.028000,,
file_cache,miss,397,0.079600,,
file_cache,hit,398,0.027800,,
file_cache,miss,398,0.086000,,
file_cache,hit,399,0.027700,,
file_cache,miss,399,0.082500,,
file_cache,hit,400,0.029300,,
file_cache,miss,400,0.080700,,
file_cache,hit,401,0.043100,,
file_cache,miss,401,0.086600,,
file_cache,hit,402,0.030000,,
file_cache,miss,402,0.080800,,
file_cache,hit,403,0.028200,,
file_cache,miss,403,0.080500,,
file_cache,hit,404,0.028300,,
file_cache,miss,404,0.081300,,
file_cache,hit,405,0.029600,,
file_cache,miss,405,0.085700,,
file_cache,hit,406,0.028700,,
file_cache,miss,406,0.091400,,
file_cache,hit,407,0.028500,,
file_cache,miss,407,0.093400,,
file_cache,hit,408,0.027500,,
file_cache,miss,408,0.084500,,
file_cache,hit,409,0.033400,,
file_cache,miss,409,0.096600,,
file_cache,hit,410,0.029800,,
file_cache,miss,410,0.089900,,
file_cache,hit,411,0.031800,,
file_cache,miss,411,0.081700,,
file_cache,hit,412,0.027800,,
file_cache,miss,412,0.080900,,
file_cache,hit,413,0.028900,,
file_cache,miss,413,0.087800,,
file_cache,hit,414,0.030200,,
file_cache,miss,414,0.081100,,
file_cache,hit,415,0.027500,,
file_cache,miss,415,0.079200,,
file_cache,hit,416,0.028800,,
file_cache,miss,416,0.102700,,
file_cache,hit,417,0.027700,,
file_cache,miss,417,0.090400,,
file_cache,hit,418,0.027900,,
file_cache,miss,418,0.078900,,
file_cache,hit,419,0.032900,,
file_cache,miss,419,0.081200,,
file_cache,hit,420,0.027700,,
file_cache,miss,420,0.079200,,
file_cache,hit,421,0.027200,,
file_cache,miss,421,0.080200,,
file_cache,hit,422,0.027900,,
file_cache,miss,422,0.078900,,
file_cache,hit,423,0.027600,,
file_cache,miss,423,0.078400,,
file_cache,hit,424,0.027800,,
file_cache,miss,424,0.080800,,
file_cache,hit,425,0.027500,,
file_cache,miss,425,0.078800,,
file_cache,hit,426,0.032400,,
file_cache,miss,426,0.100500,,
file_cache,hit,427,0.028100,,
file_cache,miss,427,0.085300,,
file_cache,hit,428,0.028700,,
file_cache,miss,428,0.095300,,
file_cache,hit,429,0.032800,,
file_cache,miss,429,0.085400,,
file_cache,hit,430,0.028200,,
file_cache,miss,430,0.083500,,
file_cache,hit,431,0.028900,,
file_cache,miss,431,0.094800,,
file_cache,hit,432,0.041400,,
file_cache,miss,432,0.102600,,
file_cache,hit,433,0.030300,,
file_cache,miss,433,0.085500,,
file_cache,hit,434,0.045800,,
file_cache,miss,434,0.114000,,
file_cache,hit,435,0.034000,,
file_cache,miss,435,0.085800,,
file_cache,hit,436,0.028700,,
file_cache,miss,436,0.090600,,
file_cache,hit,437,0.029700,,
file_cache,miss,437,0.083200,,
file_cache,hit,438,0.028900,,
file_cache,miss,438,0.082300,,
file_cache,hit,439,0.029100,,
file_cache,miss,439,0.099600,,
file_cache,hit,440,0.030700,,
file_cache,miss,440,0.083000,,
file_cache,hit,441,0.030200,,
file_cache,miss,441,0.081300,,
file_cache,hit,442,0.045800,,
file_cache,miss,442,0.088000,,
file_cache,hit,443,0.028800,,
file_cache,miss,443,0.089600,,
file_cache,hit,444,0.029200,,
file_cache,miss,444,0.083900,,
file_cache,hit,445,0.028800,,
file_cache,miss,445,0.081000,,
file_cache,hit,446,0.028600,,
file_cache,miss,446,0.086600,,
file_cache,hit,447,0.030700,,
file_cache,miss,447,0.087100,,
file_cache,hit,448,0.030100,,
file_cache,miss,448,0.082700,,
file_cache,hit,449,0.036200,,
file_cache,miss,449,0.127300,,
file_cache,hit,450,0.040600,,
file_cache,miss,450,0.086800,,
file_cache,hit,451,0.029200,,
file_cache,miss,451,0.094800,,
file_cache,hit,452,0.031000,,
file_cache,miss,452,0.088100,,
file_cache,hit,453,0.029500,,
file_cache,miss,453,0.085400,,
file_cache,hit,454,0.030400,,
file_cache,miss,454,0.085700,,
file_cache,hit,455,0.029900,,
file_cache,miss,455,0.088500,,
file_cache,hit,456,0.030200,,
file_cache,miss,456,0.083900,,
file_cache,hit,457,0.030300,,
file_cache,miss,457,0.090600,,
file_cache,hit,458,0.040900,,
file_cache,miss,458,0.093500,,
file_cache,hit,459,0.030700,,
file_cache,miss,459,0.092600,,
file_cache,hit,460,0.029800,,
file_cache,miss,460,0.086800,,
file_cache,hit,461,0.031300,,
file_cache,miss,461,0.086100,,
file_cache,hit,462,0.031000,,
file_cache,miss,462,0.086300,,
file_cache,hit,463,0.028500,,
file_cache,miss,463,0.090900,,
file_cache,hit,464,0.030400,,
file_cache,miss,464,0.090100,,
file_cache,hit,465,0.038800,,
file_cache,miss,465,0.090900,,
file_cache,hit,466,0.043600,,
file_cache,miss,466,0.087900,,
file_cache,hit,467,0.028500,,
file_cache,miss,467,0.085400,,
file_cache,hit,468,0.028900,,
file_cache,miss,468,0.081700,,
file_cache,hit,469,0.029700,,
file_cache,miss,469,0.083200,,
file_cache,hit,470,0.031000,,
file_cache,miss,470,0.083800,,
file_cache,hit,471,0.028800,,
file_cache,miss,471,0.085400,,
file_cache,hit,472,0.029400,,
file_cache,miss,472,0.085900,,
file_cache,hit,473,0.028800,,
file_cache,miss,473,0.097800,,
file_cache,hit,474,0.027900,,
file_cache,miss,474,0.096500,,
file_cache,hit,475,0.028100,,
file_cache,miss,475,0.081200,,
file_cache,hit,476,0.028500,,
file_cache,miss,476,0.081800,,
file_cache,hit,477,0.058700,,
file_cache,miss,477,0.082900,,
file_cache,hit,478,0.028300,,
file_cache,miss,478,0.089000,,
file_cache,hit,479,0.032100,,
file_cache,miss,479,0.091200,,
file_cache,hit,480,0.030500,,
file_cache,miss,480,0.083900,,
file_cache,hit,481,0.028500,,
file_cache,miss,481,0.084700,,
file_cache,hit,482,0.032300,,
file_cache,miss,482,0.101100,,
file_cache,hit,483,0.028600,,
file_cache,miss,483,0.083900,,
file_cache,hit,484,0.031100,,
file_cache,miss,484,0.087000,,
file_cache,hit,485,0.031600,,
file_cache,miss,485,0.081700,,
file_cache,hit,486,0.031000,,
file_cache,miss,486,0.084600,,
file_cache,hit,487,0.028600,,
file_cache,miss,487,0.089000,,
file_cache,hit,488,0.028900,,
file_cache,miss,488,0.082000,,
file_cache,hit,489,0.028300,,
file_cache,miss,489,0.082400,,
file_cache,hit,490,0.028000,,
file_cache,miss,490,0.096900,,
file_cache,hit,491,0.028400,,
file_cache,miss,491,0.084200,,
file_cache,hit,492,0.033300,,
file_cache,miss,492,0.089500,,
file_cache,hit,493,0.028500,,
file_cache,miss,493,0.088400,,
file_cache,hit,494,0.030900,,
file_cache,miss,494,0.094900,,
file_cache,hit,495,0.029000,,
file_cache,miss,495,0.081500,,
file_cache,hit,496,0.031200,,
file_cache,miss,496,0.083200,,
file_cache,hit,497,0.028000,,
file_cache,miss,497,0.081100,,
file_cache,hit,498,0.028300,,
file_cache,miss,498,0.094400,,
file_cache,hit,499,0.028800,,
file_cache,miss,499,0.081000,,
file_cache,hit,500,0.028000,,
file_cache,miss,500,0.085600,,
file_cache,hit,501,0.028300,,
file_cache,miss,501,0.085100,,
file_cache,hit,502,0.031000,,
file_cache,miss,502,0.084100,,
file_cache,hit,503,0.028100,,
file_cache,miss,503,0.083500,,
file_cache,hit,504,0.029600,,
file_cache,miss,504,0.086400,,
file_cache,hit,505,0.031600,,
file_cache,miss,505,0.096200,,
file_cache,hit,506,0.029000,,
file_cache,miss,506,0.098500,,
file_cache,hit,507,0.082900,,
file_cache,miss,507,0.145300,,
file_cache,hit,508,0.050100,,
file_cache,miss,508,0.102600,,
file_cache,hit,509,0.034500,,
file_cache,miss,509,0.092900,,
file_cache,hit,510,0.029800,,
file_cache,miss,510,0.085200,,
file_cache,hit,511,0.030400,,
file_cache,miss,511,0.089800,,
file_cache,hit,512,0.031100,,
file_cache,miss,512,0.094600,,
file_cache,hit,513,0.035400,,
file_cache,miss,513,0.093900,,
file_cache,hit,514,0.066600,,
file_cache,miss,514,0.087700,,
file_cache,hit,515,0.029900,,
file_cache,miss,515,0.085300,,
file_cache,hit,516,0.030400,,
file_cache,miss,516,0.086500,,
file_cache,hit,517,0.033100,,
file_cache,miss,517,0.089800,,
file_cache,hit,518,0.032400,,
file_cache,miss,518,0.107700,,
file_cache,hit,519,0.032100,,
file_cache,miss,519,0.100200,,
file_cache,hit,520,0.034200,,
file_cache,miss,520,0.093300,,
file_cache,hit,521,0.032900,,
file_cache,miss,521,0.087000,,
file_cache,hit,522,0.030200,,
file_cache,miss,522,0.091600,,
file_cache,hit,523,0.031300,,
file_cache,miss,523,0.094600,,
file_cache,hit,524,0.033400,,
file_cache,miss,524,0.104700,,
file_cache,hit,525,0.033600,,
file_cache,miss,525,0.096200,,
file_cache,hit,526,0.032400,,
file_cache,miss,526,0.100200,,
file_cache,hit,527,0.033500,,
file_cache,miss,527,0.091900,,
file_cache,hit,528,0.030000,,
file_cache,miss,528,0.252000,,
file_cache,hit,529,0.036100,,
file_cache,miss,529,0.097600,,
file_cache,hit,530,0.032000,,
file_cache,miss,530,0.098700,,
file_cache,hit,531,0.030500,,
file_cache,miss,531,0.085500,,
file_cache,hit,532,0.029900,,
file_cache,miss,532,0.107800,,
file_cache,hit,533,0.032100,,
file_cache,miss,533,0.173700,,
file_cache,hit,534,0.043300,,
file_cache,miss,534,0.119600,,
file_cache,hit,535,0.032000,,
file_cache,miss,535,0.090000,,
file_cache,hit,536,0.040900,,
file_cache,miss,536,0.092900,,
file_cache,hit,537,0.031100,,
file_cache,miss,537,0.135700,,
file_cache,hit,538,0.034000,,
file_cache,miss,538,0.096200,,
file_cache,hit,539,0.032300,,
file_cache,miss,539,0.091500,,
file_cache,hit,540,0.030200,,
file_cache,miss,540,0.104700,,
file_cache,hit,541,0.032400,,
file_cache,miss,541,0.104500,,
file_cache,hit,542,0.030600,,
file_cache,miss,542,0.087900,,
file_cache,hit,543,0.030500,,
file_cache,miss,543,0.088400,,
file_cache,hit,544,0.032300,,
file_cache,miss,544,0.092500,,
file_cache,hit,545,0.034200,,
file_cache,miss,545,0.091300,,
file_cache,hit,546,0.045200,,
file_cache,miss,546,0.086500,,
file_cache,hit,547,0.029600,,
file_cache,miss,547,0.087200,,
file_cache,hit,548,0.031000,,
file_cache,miss,548,0.086700,,
file_cache,hit,549,0.029500,,
file_cache,miss,549,0.088700,,
file_cache,hit,550,0.029900,,
file_cache,miss,550,0.086500,,
file_cache,hit,551,0.030800,,
file_cache,miss,551,0.085800,,
file_cache,hit,552,0.029600,,
file_cache,miss,552,0.085200,,
file_cache,hit,553,0.033600,,
file_cache,miss,553,0.087100,,
file_cache,hit,554,0.029800,,
file_cache,miss,554,0.085600,,
file_cache,hit,555,0.029700,,
file_cache,miss,555,0.096300,,
file_cache,hit,556,0.047900,,
file_cache,miss,556,0.086700,,
file_cache,hit,557,0.029000,,
file_cache,miss,557,0.086900,,
file_cache,hit,558,0.030300,,
file_cache,miss,558,0.086500,,
file_cache,hit,559,0.029800,,
file_cache,miss,559,0.086700,,
file_cache,hit,560,0.030100,,
file_cache,miss,560,0.095700,,
file_cache,hit,561,0.032900,,
file_cache,miss,561,0.100900,,
file_cache,hit,562,0.033200,,
file_cache,miss,562,0.096600,,
file_cache,hit,563,0.039300,,
file_cache,miss,563,0.099600,,
file_cache,hit,564,0.032400,,
file_cache,miss,564,0.090500,,
file_cache,hit,565,0.029700,,
file_cache,miss,565,0.095400,,
file_cache,hit,566,0.031900,,
file_cache,miss,566,0.088100,,
file_cache,hit,567,0.030600,,
file_cache,miss,567,0.087800,,
file_cache,hit,568,0.030100,,
file_cache,miss,568,0.089100,,
file_cache,hit,569,0.029800,,
file_cache,miss,569,0.088100,,
file_cache,hit,570,0.029700,,
file_cache,miss,570,0.087700,,
file_cache,hit,571,0.040000,,
file_cache,miss,571,0.090300,,
file_cache,hit,572,0.030100,,
file_cache,miss,572,0.088000,,
file_cache,hit,573,0.030800,,
file_cache,miss,573,0.097200,,
file_cache,hit,574,0.030700,,
file_cache,miss,574,0.089300,,
file_cache,hit,575,0.031000,,
file_cache,miss,575,0.116900,,
file_cache,hit,576,0.030300,,
file_cache,miss,576,0.087400,,
file_cache,hit,577,0.029700,,
file_cache,miss,577,0.089900,,
file_cache,hit,578,0.030100,,
file_cache,miss,578,0.088600,,
file_cache,hit,579,0.030900,,
file_cache,miss,579,0.087600,,
file_cache,hit,580,0.033100,,
file_cache,miss,580,0.091400,,
file_cache,hit,581,0.032700,,
file_cache,miss,581,0.095000,,
file_cache,hit,582,0.034400,,
file_cache,miss,582,0.095100,,
file_cache,hit,583,0.034000,,
file_cache,miss,583,0.093100,,
file_cache,hit,584,0.032600,,
file_cache,miss,584,0.087900,,
file_cache,hit,585,0.029200,,
file_cache,miss,585,0.084500,,
file_cache,hit,586,0.029400,,
file_cache,miss,586,0.157700,,
file_cache,hit,587,0.067200,,
file_cache,miss,587,0.135600,,
file_cache,hit,588,0.035100,,
file_cache,miss,588,0.095400,,
file_cache,hit,589,0.032500,,
file_cache,miss,589,0.104100,,
file_cache,hit,590,0.032300,,
file_cache,miss,590,0.098600,,
file_cache,hit,591,0.032200,,
file_cache,miss,591,0.095400,,
file_cache,hit,592,0.030900,,
file_cache,miss,592,0.089400,,
file_cache,hit,593,0.030000,,
file_cache,miss,593,0.092100,,
file_cache,hit,594,0.032200,,
file_cache,miss,594,0.107900,,
file_cache,hit,595,0.033000,,
file_cache,miss,595,0.093100,,
file_cache,hit,596,0.034400,,
file_cache,miss,596,0.085700,,
file_cache,hit,597,0.033100,,
file_cache,miss,597,0.088200,,
file_cache,hit,598,0.030400,,
file_cache,miss,598,0.087200,,
file_cache,hit,599,0.036400,,
file_cache,miss,599,0.087200,,
file_cache,hit,600,0.030200,,
file_cache,miss,600,0.088500,,
file_cache,hit,601,0.030200,,
file_cache,miss,601,0.087300,,
file_cache,hit,602,0.030200,,
file_cache,miss,602,0.100300,,
file_cache,hit,603,0.059100,,
file_cache,miss,603,0.087900,,
file_cache,hit,604,0.030400,,
file_cache,miss,604,0.096900,,
file_cache,hit,605,0.038100,,
file_cache,miss,605,0.094600,,
file_cache,hit,606,0.032100,,
file_cache,miss,606,0.125900,,
file_cache,hit,607,0.031800,,
file_cache,miss,607,0.090400,,
file_cache,hit,608,0.033300,,
file_cache,miss,608,0.096100,,
file_cache,hit,609,0.031800,,
file_cache,miss,609,0.107400,,
file_cache,hit,610,0.033200,,
file_cache,miss,610,0.089800,,
file_cache,hit,611,0.032500,,
file_cache,miss,611,0.093500,,
file_cache,hit,612,0.032200,,
file_cache,miss,612,0.107000,,
file_cache,hit,613,0.043600,,
file_cache,miss,613,0.175000,,
file_cache,hit,614,0.037900,,
file_cache,miss,614,0.114000,,
file_cache,hit,615,0.035000,,
file_cache,miss,615,0.098400,,
file_cache,hit,616,0.033800,,
file_cache,miss,616,0.097700,,
file_cache,hit,617,0.031100,,
file_cache,miss,617,0.088300,,
file_cache,hit,618,0.057500,,
file_cache,miss,618,0.092700,,
file_cache,hit,619,0.029900,,
file_cache,miss,619,0.087200,,
file_cache,hit,620,0.030400,,
file_cache,miss,620,0.094900,,
file_cache,hit,621,0.030900,,
file_cache,miss,621,0.088200,,
file_cache,hit,622,0.040400,,
file_cache,miss,622,0.105400,,
file_cache,hit,623,0.031100,,
file_cache,miss,623,0.101100,,
file_cache,hit,624,0.033200,,
file_cache,miss,624,0.099300,,
file_cache,hit,625,0.035400,,
file_cache,miss,625,0.100800,,
file_cache,hit,626,0.033300,,
file_cache,miss,626,0.095600,,
file_cache,hit,627,0.032900,,
file_cache,miss,627,0.097800,,
file_cache,hit,628,0.032300,,
file_cache,miss,628,0.097600,,
file_cache,hit,629,0.035300,,
file_cache,miss,629,0.091400,,
file_cache,hit,630,0.031500,,
file_cache,miss,630,0.099400,,
file_cache,hit,631,0.032900,,
file_cache,miss,631,0.096900,,
file_cache,hit,632,0.031500,,
file_cache,miss,632,0.108600,,
file_cache,hit,633,0.054600,,
file_cache,miss,633,0.170600,,
file_cache,hit,634,0.042700,,
file_cache,miss,634,0.101500,,
file_cache,hit,635,0.053000,,
file_cache,miss,635,0.094200,,
file_cache,hit,636,0.032200,,
file_cache,miss,636,0.096800,,
file_cache,hit,637,0.038300,,
file_cache,miss,637,0.091800,,
file_cache,hit,638,0.051600,,
file_cache,miss,638,0.094200,,
file_cache,hit,639,0.030800,,
file_cache,miss,639,0.094300,,
file_cache,hit,640,0.031700,,
file_cache,miss,640,0.090700,,
file_cache,hit,641,0.031400,,
file_cache,miss,641,0.089300,,
file_cache,hit,642,0.031400,,
file_cache,miss,642,0.096700,,
file_cache,hit,643,0.032800,,
file_cache,miss,643,0.094000,,
file_cache,hit,644,0.029900,,
file_cache,miss,644,0.094500,,
file_cache,hit,645,0.032200,,
file_cache,miss,645,0.098900,,
file_cache,hit,646,0.031000,,
file_cache,miss,646,0.091500,,
file_cache,hit,647,0.111800,,
file_cache,miss,647,0.095500,,
file_cache,hit,648,0.032000,,
file_cache,miss,648,0.089200,,
file_cache,hit,649,0.030500,,
file_cache,miss,649,0.089800,,
file_cache,hit,650,0.031200,,
file_cache,miss,650,0.091100,,
file_cache,hit,651,0.030800,,
file_cache,miss,651,0.090400,,
file_cache,hit,652,0.031500,,
file_cache,miss,652,0.097900,,
file_cache,hit,653,0.030900,,
file_cache,miss,653,0.090100,,
file_cache,hit,654,0.032000,,
file_cache,miss,654,0.094100,,
file_cache,hit,655,0.032500,,
file_cache,miss,655,0.087600,,
file_cache,hit,656,0.030200,,
file_cache,miss,656,0.088900,,
file_cache,hit,657,0.031100,,
file_cache,miss,657,0.088900,,
file_cache,hit,658,0.036400,,
file_cache,miss,658,0.091300,,
file_cache,hit,659,0.030900,,
file_cache,miss,659,0.090200,,
file_cache,hit,660,0.031500,,
file_cache,miss,660,0.128700,,
file_cache,hit,661,0.031300,,
file_cache,miss,661,0.089500,,
file_cache,hit,662,0.030500,,
file_cache,miss,662,0.088800,,
file_cache,hit,663,0.030200,,
file_cache,miss,663,0.087700,,
file_cache,hit,664,0.030200,,
file_cache,miss,664,0.094000,,
file_cache,hit,665,0.030300,,
file_cache,miss,665,0.088400,,
file_cache,hit,666,0.030500,,
file_cache,miss,666,0.096300,,
file_cache,hit,667,0.030400,,
file_cache,miss,667,0.098000,,
file_cache,hit,668,0.031600,,
file_cache,miss,668,0.088000,,
file_cache,hit,669,0.030400,,
file_cache,miss,669,0.088000,,
file_cache,hit,670,0.030400,,
file_cache,miss,670,0.092400,,
file_cache,hit,671,0.030300,,
file_cache,miss,671,0.098700,,
file_cache,hit,672,0.031300,,
file_cache,miss,672,0.089200,,
file_cache,hit,673,0.031500,,
file_cache,miss,673,0.087900,,
file_cache,hit,674,0.030500,,
file_cache,miss,674,0.089500,,
file_cache,hit,675,0.030600,,
file_cache,miss,675,0.088400,,
file_cache,hit,676,0.031000,,
file_cache,miss,676,0.128700,,
file_cache,hit,677,0.031300,,
file_cache,miss,677,0.090000,,
file_cache,hit,678,0.031000,,
file_cache,miss,678,0.089900,,
file_cache,hit,679,0.030600,,
file_cache,miss,679,0.088700,,
file_cache,hit,680,0.030600,,
file_cache,miss,680,0.094300,,
file_cache,hit,681,0.031400,,
file_cache,miss,681,0.087800,,
file_cache,hit,682,0.030300,,
file_cache,miss,682,0.087800,,
file_cache,hit,683,0.030600,,
file_cache,miss,683,0.088600,,
file_cache,hit,684,0.034200,,
file_cache,miss,684,0.086600,,
file_cache,hit,685,0.029900,,
file_cache,miss,685,0.087800,,
file_cache,hit,686,0.030900,,
file_cache,miss,686,0.091900,,
file_cache,hit,687,0.030800,,
file_cache,miss,687,0.096000,,
file_cache,hit,688,0.031100,,
file_cache,miss,688,0.088300,,
file_cache,hit,689,0.030400,,
file_cache,miss,689,0.088600,,
file_cache,hit,690,0.030600,,
file_cache,miss,690,0.091600,,
file_cache,hit,691,0.030700,,
file_cache,miss,691,0.101000,,
file_cache,hit,692,0.031500,,
file_cache,miss,692,0.091000,,
file_cache,hit,693,0.031800,,
file_cache,miss,693,0.090000,,
file_cache,hit,694,0.030800,,
file_cache,miss,694,0.090000,,
file_cache,hit,695,0.031100,,
file_cache,miss,695,0.089700,,
file_cache,hit,696,0.031100,,
file_cache,miss,696,0.091000,,
file_cache,hit,697,0.030900,,
file_cache,miss,697,0.091700,,
file_cache,hit,698,0.031300,,
file_cache,miss,698,0.089900,,
file_cache,hit,699,0.031000,,
file_cache,miss,699,0.090800,,
file_cache,hit,700,0.031800,,
file_cache,miss,700,0.095000,,
file_cache,hit,701,0.031000,,
file_cache,miss,701,0.090400,,
file_cache,hit,702,0.031300,,
file_cache,miss,702,0.090200,,
file_cache,hit,703,0.030900,,
file_cache,miss,703,0.089900,,
file_cache,hit,704,0.031100,,
file_cache,miss,704,0.090300,,
file_cache,hit,705,0.031100,,
file_cache,miss,705,0.093900,,
file_cache,hit,706,0.030800,,
file_cache,miss,706,0.089700,,
file_cache,hit,707,0.031200,,
file_cache,miss,707,0.095800,,
file_cache,hit,708,0.031100,,
file_cache,miss,708,0.090900,,
file_cache,hit,709,0.031100,,
file_cache,miss,709,0.092600,,
file_cache,hit,710,0.031400,,
file_cache,miss,710,0.096300,,
file_cache,hit,711,0.031200,,
file_cache,miss,711,0.090600,,
file_cache,hit,712,0.031800,,
file_cache,miss,712,0.089700,,
file_cache,hit,713,0.031800,,
file_cache,miss,713,0.090100,,
file_cache,hit,714,0.030800,,
file_cache,miss,714,0.097700,,
file_cache,hit,715,0.031200,,
file_cache,miss,715,0.091300,,
file_cache,hit,716,0.032900,,
file_cache,miss,716,0.093300,,
file_cache,hit,717,0.031300,,
file_cache,miss,717,0.089900,,
file_cache,hit,718,0.031500,,
file_cache,miss,718,0.093200,,
file_cache,hit,719,0.033100,,
file_cache,miss,719,0.094500,,
file_cache,hit,720,0.032300,,
file_cache,miss,720,0.102600,,
file_cache,hit,721,0.034800,,
file_cache,miss,721,0.098400,,
file_cache,hit,722,0.048300,,
file_cache,miss,722,0.091000,,
file_cache,hit,723,0.031500,,
file_cache,miss,723,0.115300,,
file_cache,hit,724,0.035000,,
file_cache,miss,724,0.169500,,
file_cache,hit,725,0.061100,,
file_cache,miss,725,0.117600,,
file_cache,hit,726,0.039700,,
file_cache,miss,726,0.145800,,
file_cache,hit,727,0.062300,,
file_cache,miss,727,0.112800,,
file_cache,hit,728,0.036200,,
file_cache,miss,728,0.102900,,
file_cache,hit,729,0.035000,,
file_cache,miss,729,0.114100,,
file_cache,hit,730,0.034000,,
file_cache,miss,730,0.107200,,
file_cache,hit,731,0.035400,,
file_cache,miss,731,0.105000,,
file_cache,hit,732,0.031200,,
file_cache,miss,732,0.097600,,
file_cache,hit,733,0.035700,,
file_cache,miss,733,0.102800,,
file_cache,hit,734,0.035700,,
file_cache,miss,734,0.100100,,
file_cache,hit,735,0.032700,,
file_cache,miss,735,0.193800,,
file_cache,hit,736,0.049700,,
file_cache,miss,736,0.111600,,
file_cache,hit,737,0.037100,,
file_cache,miss,737,0.120100,,
file_cache,hit,738,0.037000,,
file_cache,miss,738,0.101100,,
file_cache,hit,739,0.034100,,
file_cache,miss,739,0.117300,,
file_cache,hit,740,0.057400,,
file_cache,miss,740,0.108200,,
file_cache,hit,741,0.038600,,
file_cache,miss,741,0.102600,,
file_cache,hit,742,0.036200,,
file_cache,miss,742,0.106300,,
file_cache,hit,743,0.032300,,
file_cache,miss,743,0.093100,,
file_cache,hit,744,0.034400,,
file_cache,miss,744,0.097000,,
file_cache,hit,745,0.031000,,
file_cache,miss,745,0.091300,,
file_cache,hit,746,0.031200,,
file_cache,miss,746,0.163700,,
file_cache,hit,747,0.057700,,
file_cache,miss,747,0.115100,,
file_cache,hit,748,0.035000,,
file_cache,miss,748,0.094600,,
file_cache,hit,749,0.032200,,
file_cache,miss,749,0.092000,,
file_cache,hit,750,0.031600,,
file_cache,miss,750,0.107800,,
file_cache,hit,751,0.033900,,
file_cache,miss,751,0.093400,,
file_cache,hit,752,0.031700,,
file_cache,miss,752,0.091400,,
file_cache,hit,753,0.031900,,
file_cache,miss,753,0.139800,,
file_cache,hit,754,0.035300,,
file_cache,miss,754,0.105900,,
file_cache,hit,755,0.033200,,
file_cache,miss,755,0.093900,,
file_cache,hit,756,0.031900,,
file_cache,miss,756,0.092300,,
file_cache,hit,757,0.031500,,
file_cache,miss,757,0.090900,,
file_cache,hit,758,0.038500,,
file_cache,miss,758,0.102400,,
file_cache,hit,759,0.032400,,
file_cache,miss,759,0.091800,,
file_cache,hit,760,0.032100,,
file_cache,miss,760,0.090700,,
file_cache,hit,761,0.034400,,
file_cache,miss,761,0.097000,,
file_cache,hit,762,0.032300,,
file_cache,miss,762,0.093700,,
file_cache,hit,763,0.032500,,
file_cache,miss,763,0.091700,,
file_cache,hit,764,0.031400,,
file_cache,miss,764,0.100800,,
file_cache,hit,765,0.035000,,
file_cache,miss,765,0.101000,,
file_cache,hit,766,0.031800,,
file_cache,miss,766,0.090500,,
file_cache,hit,767,0.031900,,
file_cache,miss,767,0.091800,,
file_cache,hit,768,0.031400,,
file_cache,miss,768,0.090900,,
file_cache,hit,769,0.031300,,
file_cache,miss,769,0.091800,,
file_cache,hit,770,0.030700,,
file_cache,miss,770,0.089500,,
file_cache,hit,771,0.031000,,
file_cache,miss,771,0.090000,,
file_cache,hit,772,0.031000,,
file_cache,miss,772,0.091300,,
file_cache,hit,773,0.033900,,
file_cache,miss,773,0.100400,,
file_cache,hit,774,0.036200,,
file_cache,miss,774,0.096700,,
file_cache,hit,775,0.031200,,
file_cache,miss,775,0.094200,,
file_cache,hit,776,0.033200,,
file_cache,miss,776,0.096000,,
file_cache,hit,777,0.033500,,
file_cache,miss,777,0.097800,,
file_cache,hit,778,0.032900,,
file_cache,miss,778,0.094600,,
file_cache,hit,779,0.033500,,
file_cache,miss,779,0.094000,,
file_cache,hit,780,0.031700,,
file_cache,miss,780,0.099700,,
file_cache,hit,781,0.033000,,
file_cache,miss,781,0.093400,,
file_cache,hit,782,0.032300,,
file_cache,miss,782,0.095300,,
file_cache,hit,783,0.031900,,
file_cache,miss,783,0.095500,,
file_cache,hit,784,0.035200,,
file_cache,miss,784,0.220500,,
file_cache,hit,785,0.061100,,
file_cache,miss,785,0.202300,,
file_cache,hit,786,0.062100,,
file_cache,miss,786,0.101600,,
file_cache,hit,787,0.032600,,
file_cache,miss,787,0.097300,,
file_cache,hit,788,0.033300,,
file_cache,miss,788,0.093700,,
file_cache,hit,789,0.032800,,
file_cache,miss,789,0.092400,,
file_cache,hit,790,0.032900,,
file_cache,miss,790,0.098500,,
file_cache,hit,791,0.032600,,
file_cache,miss,791,0.092600,,
file_cache,hit,792,0.035400,,
file_cache,miss,792,0.091800,,
file_cache,hit,793,0.032500,,
file_cache,miss,793,0.097800,,
file_cache,hit,794,0.032900,,
file_cache,miss,794,0.092300,,
file_cache,hit,795,0.033300,,
file_cache,miss,795,0.092200,,
file_cache,hit,796,0.031800,,
file_cache,miss,796,0.092500,,
file_cache,hit,797,0.031900,,
file_cache,miss,797,0.105100,,
file_cache,hit,798,0.034600,,
file_cache,miss,798,0.108600,,
file_cache,hit,799,0.034200,,
file_cache,miss,799,0.098500,,
file_cache,hit,800,0.032900,,
file_cache,miss,800,0.124100,,
file_cache,hit,801,0.034900,,
file_cache,miss,801,0.094700,,
file_cache,hit,802,0.032400,,
file_cache,miss,802,0.092100,,
file_cache,hit,803,0.032400,,
file_cache,miss,803,0.093000,,
file_cache,hit,804,0.033700,,
file_cache,miss,804,0.123100,,
file_cache,hit,805,0.033300,,
file_cache,miss,805,0.280300,,
file_cache,hit,806,0.059400,,
file_cache,miss,806,0.111800,,
file_cache,hit,807,0.034900,,
file_cache,miss,807,0.095800,,
file_cache,hit,808,0.033400,,
file_cache,miss,808,0.093200,,
file_cache,hit,809,0.034800,,
file_cache,miss,809,0.093800,,
file_cache,hit,810,0.037400,,
file_cache,miss,810,0.120600,,
file_cache,hit,811,0.033800,,
file_cache,miss,811,0.094900,,
file_cache,hit,812,0.032300,,
file_cache,miss,812,0.095000,,
file_cache,hit,813,0.033000,,
file_cache,miss,813,0.093300,,
file_cache,hit,814,0.032300,,
file_cache,miss,814,0.185300,,
file_cache,hit,815,0.034100,,
file_cache,miss,815,0.094600,,
file_cache,hit,816,0.135800,,
file_cache,miss,816,0.132500,,
file_cache,hit,817,0.036000,,
file_cache,miss,817,0.098000,,
file_cache,hit,818,0.032900,,
file_cache,miss,818,0.099400,,
file_cache,hit,819,0.063900,,
file_cache,miss,819,0.155200,,
file_cache,hit,820,0.044200,,
file_cache,miss,820,0.103800,,
file_cache,hit,821,0.051600,,
file_cache,miss,821,0.116600,,
file_cache,hit,822,0.058100,,
file_cache,miss,822,0.111300,,
file_cache,hit,823,0.033500,,
file_cache,miss,823,0.098900,,
file_cache,hit,824,0.033500,,
file_cache,miss,824,0.096000,,
file_cache,hit,825,0.034900,,
file_cache,miss,825,0.131600,,
file_cache,hit,826,0.033200,,
file_cache,miss,826,0.093200,,
file_cache,hit,827,0.032100,,
file_cache,miss,827,0.092600,,
file_cache,hit,828,0.032600,,
file_cache,miss,828,0.090200,,
file_cache,hit,829,0.031300,,
file_cache,miss,829,0.095400,,
file_cache,hit,830,0.032000,,
file_cache,miss,830,0.135100,,
file_cache,hit,831,0.032300,,
file_cache,miss,831,0.092700,,
file_cache,hit,832,0.031900,,
file_cache,miss,832,0.183600,,
file_cache,hit,833,0.057100,,
file_cache,miss,833,0.110500,,
file_cache,hit,834,0.036300,,
file_cache,miss,834,0.097900,,
file_cache,hit,835,0.033100,,
file_cache,miss,835,0.094800,,
file_cache,hit,836,0.032600,,
file_cache,miss,836,0.094700,,
file_cache,hit,837,0.032800,,
file_cache,miss,837,0.094400,,
file_cache,hit,838,0.032500,,
file_cache,miss,838,0.094000,,
file_cache,hit,839,0.033000,,
file_cache,miss,839,0.098200,,
file_cache,hit,840,0.031700,,
file_cache,miss,840,0.093100,,
file_cache,hit,841,0.032200,,
file_cache,miss,841,0.092500,,
file_cache,hit,842,0.032300,,
file_cache,miss,842,0.093400,,
file_cache,hit,843,0.032000,,
file_cache,miss,843,0.093400,,
file_cache,hit,844,0.032100,,
file_cache,miss,844,0.194000,,
file_cache,hit,845,0.052800,,
file_cache,miss,845,0.110400,,
file_cache,hit,846,0.035800,,
file_cache,miss,846,0.099000,,
file_cache,hit,847,0.033400,,
file_cache,miss,847,0.093900,,
file_cache,hit,848,0.040800,,
file_cache,miss,848,0.093700,,
file_cache,hit,849,0.032000,,
file_cache,miss,849,0.093300,,
file_cache,hit,850,0.032000,,
file_cache,miss,850,0.092800,,
file_cache,hit,851,0.032000,,
file_cache,miss,851,0.094100,,
file_cache,hit,852,0.032400,,
file_cache,miss,852,0.093000,,
file_cache,hit,853,0.031700,,
file_cache,miss,853,0.092800,,
file_cache,hit,854,0.032100,,
file_cache,miss,854,0.092600,,
file_cache,hit,855,0.031500,,
file_cache,miss,855,0.102900,,
file_cache,hit,856,0.033100,,
file_cache,miss,856,0.107800,,
file_cache,hit,857,0.031900,,
file_cache,miss,857,0.094900,,
file_cache,hit,858,0.032200,,
file_cache,miss,858,0.108500,,
file_cache,hit,859,0.032000,,
file_cache,miss,859,0.101000,,
file_cache,hit,860,0.032900,,
file_cache,miss,860,0.095200,,
file_cache,hit,861,0.032300,,
file_cache,miss,861,0.092300,,
file_cache,hit,862,0.031700,,
file_cache,miss,862,0.092200,,
file_cache,hit,863,0.032700,,
file_cache,miss,863,0.092000,,
file_cache,hit,864,0.031500,,
file_cache,miss,864,0.093500,,
file_cache,hit,865,0.031800,,
file_cache,miss,865,0.103300,,
file_cache,hit,866,0.031800,,
file_cache,miss,866,0.092500,,
file_cache,hit,867,0.034300,,
file_cache,miss,867,0.093200,,
file_cache,hit,868,0.031800,,
file_cache,miss,868,0.092400,,
file_cache,hit,869,0.031200,,
file_cache,miss,869,0.091000,,
file_cache,hit,870,0.031800,,
file_cache,miss,870,0.092700,,
file_cache,hit,871,0.031900,,
file_cache,miss,871,0.096700,,
file_cache,hit,872,0.032500,,
file_cache,miss,872,0.094500,,
file_cache,hit,873,0.032500,,
file_cache,miss,873,0.092800,,
file_cache,hit,874,0.031600,,
file_cache,miss,874,0.097500,,
file_cache,hit,875,0.032400,,
file_cache,miss,875,0.093100,,
file_cache,hit,876,0.031900,,
file_cache,miss,876,0.092500,,
file_cache,hit,877,0.031600,,
file_cache,miss,877,0.093500,,
file_cache,hit,878,0.032100,,
file_cache,miss,878,0.097700,,
file_cache,hit,879,0.031700,,
file_cache,miss,879,0.093000,,
file_cache,hit,880,0.032200,,
file_cache,miss,880,0.092800,,
file_cache,hit,881,0.032100,,
file_cache,miss,881,0.092300,,
file_cache,hit,882,0.031400,,
file_cache,miss,882,0.091700,,
file_cache,hit,883,0.031900,,
file_cache,miss,883,0.092900,,
file_cache,hit,884,0.031900,,
file_cache,miss,884,0.093400,,
file_cache,hit,885,0.031800,,
file_cache,miss,885,0.093200,,
file_cache,hit,886,0.031600,,
file_cache,miss,886,0.094700,,
file_cache,hit,887,0.032200,,
file_cache,miss,887,0.101600,,
file_cache,hit,888,0.035300,,
file_cache,miss,888,0.100000,,
file_cache,hit,889,0.035300,,
file_cache,miss,889,0.107200,,
file_cache,hit,890,0.046100,,
file_cache,miss,890,0.221900,,
file_cache,hit,891,0.143600,,
file_cache,miss,891,0.136100,,
file_cache,hit,892,0.059400,,
file_cache,miss,892,0.114700,,
file_cache,hit,893,0.034500,,
file_cache,miss,893,0.097700,,
file_cache,hit,894,0.033300,,
file_cache,miss,894,0.094800,,
file_cache,hit,895,0.033200,,
file_cache,miss,895,0.102300,,
file_cache,hit,896,0.036800,,
file_cache,miss,896,0.096300,,
file_cache,hit,897,0.033400,,
file_cache,miss,897,0.094400,,
file_cache,hit,898,0.033200,,
file_cache,miss,898,0.094600,,
file_cache,hit,899,0.033300,,
file_cache,miss,899,0.094200,,
file_cache,hit,900,0.032900,,
file_cache,miss,900,0.096100,,
file_cache,hit,901,0.033000,,
file_cache,miss,901,0.095200,,
file_cache,hit,902,0.032700,,
file_cache,miss,902,0.100200,,
file_cache,hit,903,0.033800,,
file_cache,miss,903,0.094700,,
file_cache,hit,904,0.032600,,
file_cache,miss,904,0.123300,,
file_cache,hit,905,0.034500,,
file_cache,miss,905,0.094800,,
file_cache,hit,906,0.032500,,
file_cache,miss,906,0.100500,,
file_cache,hit,907,0.033000,,
file_cache,miss,907,0.093000,,
file_cache,hit,908,0.032600,,
file_cache,miss,908,0.094200,,
file_cache,hit,909,0.032500,,
file_cache,miss,909,0.095400,,
file_cache,hit,910,0.033000,,
file_cache,miss,910,0.096200,,
file_cache,hit,911,0.033400,,
file_cache,miss,911,0.095000,,
file_cache,hit,912,0.033300,,
file_cache,miss,912,0.130400,,
file_cache,hit,913,0.032900,,
file_cache,miss,913,0.094500,,
file_cache,hit,914,0.033400,,
file_cache,miss,914,0.094900,,
file_cache,hit,915,0.032000,,
file_cache,miss,915,0.093900,,
file_cache,hit,916,0.032600,,
file_cache,miss,916,0.094000,,
file_cache,hit,917,0.032900,,
file_cache,miss,917,0.101900,,
file_cache,hit,918,0.033200,,
file_cache,miss,918,0.095900,,
file_cache,hit,919,0.037300,,
file_cache,miss,919,0.095100,,
file_cache,hit,920,0.032600,,
file_cache,miss,920,0.096200,,
file_cache,hit,921,0.032500,,
file_cache,miss,921,0.094400,,
file_cache,hit,922,0.032600,,
file_cache,miss,922,0.093300,,
file_cache,hit,923,0.032100,,
file_cache,miss,923,0.094100,,
file_cache,hit,924,0.036600,,
file_cache,miss,924,0.092800,,
file_cache,hit,925,0.031600,,
file_cache,miss,925,0.094400,,
file_cache,hit,926,0.032500,,
file_cache,miss,926,0.093400,,
file_cache,hit,927,0.032100,,
file_cache,miss,927,0.093300,,
file_cache,hit,928,0.031700,,
file_cache,miss,928,0.099500,,
file_cache,hit,929,0.034500,,
file_cache,miss,929,0.095900,,
file_cache,hit,930,0.032900,,
file_cache,miss,930,0.094800,,
file_cache,hit,931,0.033500,,
file_cache,miss,931,0.095300,,
file_cache,hit,932,0.032300,,
file_cache,miss,932,0.094300,,
file_cache,hit,933,0.032700,,
file_cache,miss,933,0.093200,,
file_cache,hit,934,0.031700,,
file_cache,miss,934,0.101200,,
file_cache,hit,935,0.032700,,
file_cache,miss,935,0.097100,,
file_cache,hit,936,0.032800,,
file_cache,miss,936,0.097500,,
file_cache,hit,937,0.032300,,
file_cache,miss,937,0.094700,,
file_cache,hit,938,0.032800,,
file_cache,miss,938,0.095000,,
file_cache,hit,939,0.032700,,
file_cache,miss,939,0.094600,,
file_cache,hit,940,0.032800,,
file_cache,miss,940,0.096000,,
file_cache,hit,941,0.032600,,
file_cache,miss,941,0.095200,,
file_cache,hit,942,0.033200,,
file_cache,miss,942,0.094700,,
file_cache,hit,943,0.032500,,
file_cache,miss,943,0.096800,,
file_cache,hit,944,0.056400,,
file_cache,miss,944,0.105200,,
file_cache,hit,945,0.034200,,
file_cache,miss,945,0.097300,,
file_cache,hit,946,0.032900,,
file_cache,miss,946,0.094100,,
file_cache,hit,947,0.032500,,
file_cache,miss,947,0.095100,,
file_cache,hit,948,0.033600,,
file_cache,miss,948,0.095700,,
file_cache,hit,949,0.039200,,
file_cache,miss,949,0.095700,,
file_cache,hit,950,0.033200,,
file_cache,miss,950,0.097300,,
file_cache,hit,951,0.035100,,
file_cache,miss,951,0.094700,,
file_cache,hit,952,0.042000,,
file_cache,miss,952,0.096500,,
file_cache,hit,953,0.032700,,
file_cache,miss,953,0.095200,,
file_cache,hit,954,0.032400,,
file_cache,miss,954,0.096100,,
file_cache,hit,955,0.033700,,
file_cache,miss,955,0.096300,,
file_cache,hit,956,0.034600,,
file_cache,miss,956,0.108200,,
file_cache,hit,957,0.039000,,
file_cache,miss,957,0.096500,,
file_cache,hit,958,0.033000,,
file_cache,miss,958,0.096900,,
file_cache,hit,959,0.034000,,
file_cache,miss,959,0.095200,,
file_cache,hit,960,0.032500,,
file_cache,miss,960,0.095600,,
file_cache,hit,961,0.033300,,
file_cache,miss,961,0.096700,,
file_cache,hit,962,0.033400,,
file_cache,miss,962,0.098400,,
file_cache,hit,963,0.042200,,
file_cache,miss,963,0.105500,,
file_cache,hit,964,0.034500,,
file_cache,miss,964,0.095600,,
file_cache,hit,965,0.033200,,
file_cache,miss,965,0.095900,,
file_cache,hit,966,0.034800,,
file_cache,miss,966,0.106200,,
file_cache,hit,967,0.034700,,
file_cache,miss,967,0.096400,,
file_cache,hit,968,0.032800,,
file_cache,miss,968,0.130100,,
file_cache,hit,969,0.034600,,
file_cache,miss,969,0.100300,,
file_cache,hit,970,0.053800,,
file_cache,miss,970,0.104500,,
file_cache,hit,971,0.037300,,
file_cache,miss,971,0.101600,,
file_cache,hit,972,0.034600,,
file_cache,miss,972,0.099700,,
file_cache,hit,973,0.036200,,
file_cache,miss,973,0.105400,,
file_cache,hit,974,0.036900,,
file_cache,miss,974,0.100800,,
file_cache,hit,975,0.034000,,
file_cache,miss,975,0.100200,,
file_cache,hit,976,0.035500,,
file_cache,miss,976,0.097300,,
file_cache,hit,977,0.034000,,
file_cache,miss,977,0.101900,,
file_cache,hit,978,0.033300,,
file_cache,miss,978,0.097400,,
file_cache,hit,979,0.034000,,
file_cache,miss,979,0.096900,,
file_cache,hit,980,0.033600,,
file_cache,miss,980,0.103000,,
file_cache,hit,981,0.034300,,
file_cache,miss,981,0.098800,,
file_cache,hit,982,0.033700,,
file_cache,miss,982,0.096800,,
file_cache,hit,983,0.033400,,
file_cache,miss,983,0.096100,,
file_cache,hit,984,0.034500,,
file_cache,miss,984,0.096800,,
file_cache,hit,985,0.032600,,
file_cache,miss,985,0.095900,,
file_cache,hit,986,0.033400,,
file_cache,miss,986,0.096700,,
file_cache,hit,987,0.033300,,
file_cache,miss,987,0.097100,,
file_cache,hit,988,0.037800,,
file_cache,miss,988,0.099100,,
file_cache,hit,989,0.033500,,
file_cache,miss,989,0.097600,,
file_cache,hit,990,0.040800,,
file_cache,miss,990,0.098000,,
file_cache,hit,991,0.033100,,
file_cache,miss,991,0.101400,,
file_cache,hit,992,0.034000,,
file_cache,miss,992,0.099000,,
file_cache,hit,993,0.035100,,
file_cache,miss,993,0.099500,,
file_cache,hit,994,0.034400,,
file_cache,miss,994,0.097600,,
file_cache,hit,995,0.034200,,
file_cache,miss,995,0.096100,,
file_cache,hit,996,0.034400,,
file_cache,miss,996,0.096900,,
file_cache,hit,997,0.035500,,
file_cache,miss,997,0.095300,,
file_cache,hit,998,0.032700,,
file_cache,miss,998,0.096700,,
file_cache,hit,999,0.039600,,
file_cache,miss,999,0.129100,,
file_cache,hit,1000,0.038400,,
file_cache,miss,1000,0.102900,,
file_cache,hit,1001,0.036100,,
file_cache,miss,1001,0.097900,,
file_cache,hit,1002,0.034000,,
file_cache,miss,1002,0.103200,,
file_cache,hit,1003,0.033800,,
file_cache,miss,1003,0.096000,,
file_cache,hit,1004,0.032600,,
file_cache,miss,1004,0.095000,,
file_cache,hit,1005,0.032700,,
file_cache,miss,1005,0.098100,,
file_cache,hit,1006,0.039700,,
file_cache,miss,1006,0.098900,,
file_cache,hit,1007,0.033200,,
file_cache,miss,1007,0.097400,,
file_cache,hit,1008,0.033600,,
file_cache,miss,1008,0.133600,,
file_cache,hit,1009,0.034100,,
file_cache,miss,1009,0.096700,,
file_cache,hit,1010,0.033700,,
file_cache,miss,1010,0.097500,,
file_cache,hit,1011,0.033200,,
file_cache,miss,1011,0.096500,,
file_cache,hit,1012,0.033400,,
file_cache,miss,1012,0.099200,,
file_cache,hit,1013,0.037600,,
file_cache,miss,1013,0.097900,,
file_cache,hit,1014,0.033400,,
file_cache,miss,1014,0.097200,,
file_cache,hit,1015,0.033700,,
file_cache,miss,1015,0.096400,,
file_cache,hit,1016,0.033100,,
file_cache,miss,1016,0.105000,,
file_cache,hit,1017,0.035500,,
file_cache,miss,1017,0.097700,,
file_cache,hit,1018,0.033900,,
file_cache,miss,1018,0.096900,,
file_cache,hit,1019,0.034200,,
file_cache,miss,1019,0.096600,,
file_cache,hit,1020,0.033400,,
file_cache,miss,1020,0.096400,,
file_cache,hit,1021,0.033200,,
file_cache,miss,1021,0.095800,,
file_cache,hit,1022,0.033800,,
file_cache,miss,1022,0.097700,,
file_cache,hit,1023,0.037900,,
file_cache,miss,1023,0.098200,,
file_cache,hit,1024,0.038400,,
file_cache,miss,1024,0.096700,,
file_cache,hit,1025,0.033200,,
file_cache,miss,1025,0.096900,,
file_cache,hit,1026,0.033200,,
file_cache,miss,1026,0.096600,,
file_cache,hit,1027,0.033500,,
file_cache,miss,1027,0.098600,,
file_cache,hit,1028,0.033000,,
file_cache,miss,1028,0.096000,,
file_cache,hit,1029,0.033600,,
file_cache,miss,1029,0.096900,,
file_cache,hit,1030,0.033600,,
file_cache,miss,1030,0.097300,,
file_cache,hit,1031,0.033700,,
file_cache,miss,1031,0.103300,,
file_cache,hit,1032,0.033800,,
file_cache,miss,1032,0.098600,,
file_cache,hit,1033,0.033700,,
file_cache,miss,1033,0.096100,,
file_cache,hit,1034,0.033300,,
file_cache,miss,1034,0.096000,,
file_cache,hit,1035,0.038900,,
file_cache,miss,1035,0.238100,,
file_cache,hit,1036,0.035000,,
file_cache,miss,1036,0.097300,,
file_cache,hit,1037,0.033600,,
file_cache,miss,1037,0.100500,,
file_cache,hit,1038,0.034600,,
file_cache,miss,1038,0.097200,,
file_cache,hit,1039,0.033800,,
file_cache,miss,1039,0.096800,,
file_cache,hit,1040,0.033900,,
file_cache,miss,1040,0.097300,,
file_cache,hit,1041,0.033400,,
file_cache,miss,1041,0.096400,,
file_cache,hit,1042,0.033600,,
file_cache,miss,1042,0.096100,,
file_cache,hit,1043,0.035200,,
file_cache,miss,1043,0.128300,,
file_cache,hit,1044,0.033900,,
file_cache,miss,1044,0.097200,,
file_cache,hit,1045,0.038200,,
file_cache,miss,1045,0.102600,,
file_cache,hit,1046,0.033900,,
file_cache,miss,1046,0.107100,,
file_cache,hit,1047,0.033600,,
file_cache,miss,1047,0.096700,,
file_cache,hit,1048,0.033000,,
file_cache,miss,1048,0.095900,,
file_cache,hit,1049,0.038800,,
file_cache,miss,1049,0.098600,,
file_cache,hit,1050,0.033100,,
file_cache,miss,1050,0.095500,,
file_cache,hit,1051,0.033300,,
file_cache,miss,1051,0.096500,,
file_cache,hit,1052,0.033300,,
file_cache,miss,1052,0.096100,,
file_cache,hit,1053,0.033400,,
file_cache,miss,1053,0.096400,,
file_cache,hit,1054,0.033900,,
file_cache,miss,1054,0.096100,,
file_cache,hit,1055,0.033500,,
file_cache,miss,1055,0.095700,,
file_cache,hit,1056,0.037100,,
file_cache,miss,1056,0.101800,,
file_cache,hit,1057,0.033600,,
file_cache,miss,1057,0.130200,,
file_cache,hit,1058,0.033500,,
file_cache,miss,1058,0.098600,,
file_cache,hit,1059,0.033300,,
file_cache,miss,1059,0.096000,,
file_cache,hit,1060,0.037200,,
file_cache,miss,1060,0.097300,,
file_cache,hit,1061,0.033600,,
file_cache,miss,1061,0.096500,,
file_cache,hit,1062,0.033000,,
file_cache,miss,1062,0.097100,,
file_cache,hit,1063,0.033300,,
file_cache,miss,1063,0.096100,,
file_cache,hit,1064,0.033800,,
file_cache,miss,1064,0.098200,,
file_cache,hit,1065,0.033600,,
file_cache,miss,1065,0.096600,,
file_cache,hit,1066,0.033700,,
file_cache,miss,1066,0.096300,,
file_cache,hit,1067,0.032900,,
file_cache,miss,1067,0.107700,,
file_cache,hit,1068,0.033600,,
file_cache,miss,1068,0.098000,,
file_cache,hit,1069,0.033200,,
file_cache,miss,1069,0.096800,,
file_cache,hit,1070,0.033100,,
file_cache,miss,1070,0.096200,,
file_cache,hit,1071,0.040700,,
file_cache,miss,1071,0.099600,,
file_cache,hit,1072,0.034300,,
file_cache,miss,1072,0.097100,,
file_cache,hit,1073,0.032900,,
file_cache,miss,1073,0.097700,,
file_cache,hit,1074,0.033300,,
file_cache,miss,1074,0.096300,,
file_cache,hit,1075,0.032900,,
file_cache,miss,1075,0.097600,,
file_cache,hit,1076,0.033000,,
file_cache,miss,1076,0.096400,,
file_cache,hit,1077,0.033100,,
file_cache,miss,1077,0.096700,,
file_cache,hit,1078,0.033600,,
file_cache,miss,1078,0.096200,,
file_cache,hit,1079,0.033600,,
file_cache,miss,1079,0.097400,,
file_cache,hit,1080,0.033600,,
file_cache,miss,1080,0.097300,,
file_cache,hit,1081,0.033700,,
file_cache,miss,1081,0.096100,,
file_cache,hit,1082,0.033900,,
file_cache,miss,1082,0.105100,,
file_cache,hit,1083,0.033400,,
file_cache,miss,1083,0.096200,,
file_cache,hit,1084,0.032800,,
file_cache,miss,1084,0.097700,,
file_cache,hit,1085,0.033100,,
file_cache,miss,1085,0.096100,,
file_cache,hit,1086,0.038700,,
file_cache,miss,1086,0.101500,,
file_cache,hit,1087,0.071900,,
file_cache,miss,1087,0.101000,,
file_cache,hit,1088,0.034300,,
file_cache,miss,1088,0.099000,,
file_cache,hit,1089,0.041300,,
file_cache,miss,1089,0.099500,,
file_cache,hit,1090,0.034600,,
file_cache,miss,1090,0.098700,,
file_cache,hit,1091,0.034000,,
file_cache,miss,1091,0.097700,,
file_cache,hit,1092,0.033200,,
file_cache,miss,1092,0.101600,,
file_cache,hit,1093,0.034600,,
file_cache,miss,1093,0.125000,,
file_cache,hit,1094,0.034100,,
file_cache,miss,1094,0.099400,,
file_cache,hit,1095,0.034100,,
file_cache,miss,1095,0.099800,,
file_cache,hit,1096,0.034300,,
file_cache,miss,1096,0.098500,,
file_cache,hit,1097,0.034100,,
file_cache,miss,1097,0.100300,,
file_cache,hit,1098,0.034000,,
file_cache,miss,1098,0.099000,,
file_cache,hit,1099,0.034000,,
file_cache,miss,1099,0.102200,,
file_cache,hit,1100,0.035400,,
file_cache,miss,1100,0.117900,,
file_cache,hit,1101,0.034100,,
file_cache,miss,1101,0.099500,,
file_cache,hit,1102,0.034300,,
file_cache,miss,1102,0.099500,,
file_cache,hit,1103,0.034400,,
file_cache,miss,1103,0.105800,,
file_cache,hit,1104,0.034300,,
file_cache,miss,1104,0.101300,,
file_cache,hit,1105,0.034300,,
file_cache,miss,1105,0.099100,,
file_cache,hit,1106,0.034900,,
file_cache,miss,1106,0.099100,,
file_cache,hit,1107,0.034200,,
file_cache,miss,1107,0.099300,,
file_cache,hit,1108,0.034100,,
file_cache,miss,1108,0.098800,,
file_cache,hit,1109,0.034500,,
file_cache,miss,1109,0.099100,,
file_cache,hit,1110,0.034000,,
file_cache,miss,1110,0.120800,,
file_cache,hit,1111,0.051500,,
file_cache,miss,1111,0.111100,,
file_cache,hit,1112,0.035000,,
file_cache,miss,1112,0.099000,,
file_cache,hit,1113,0.034600,,
file_cache,miss,1113,0.103300,,
file_cache,hit,1114,0.034700,,
file_cache,miss,1114,0.104300,,
file_cache,hit,1115,0.033900,,
file_cache,miss,1115,0.100500,,
file_cache,hit,1116,0.034000,,
file_cache,miss,1116,0.098500,,
file_cache,hit,1117,0.034300,,
file_cache,miss,1117,0.098200,,
file_cache,hit,1118,0.033900,,
file_cache,miss,1118,0.098400,,
file_cache,hit,1119,0.034000,,
file_cache,miss,1119,0.101300,,
file_cache,hit,1120,0.034200,,
file_cache,miss,1120,0.099100,,
file_cache,hit,1121,0.034200,,
file_cache,miss,1121,0.099100,,
file_cache,hit,1122,0.038600,,
file_cache,miss,1122,0.145100,,
file_cache,hit,1123,0.034700,,
file_cache,miss,1123,0.099100,,
file_cache,hit,1124,0.035100,,
file_cache,miss,1124,0.106800,,
file_cache,hit,1125,0.034100,,
file_cache,miss,1125,0.099000,,
file_cache,hit,1126,0.034200,,
file_cache,miss,1126,0.098700,,
file_cache,hit,1127,0.034000,,
file_cache,miss,1127,0.099000,,
file_cache,hit,1128,0.033900,,
file_cache,miss,1128,0.104500,,
file_cache,hit,1129,0.034500,,
file_cache,miss,1129,0.098800,,
file_cache,hit,1130,0.033700,,
file_cache,miss,1130,0.098500,,
file_cache,hit,1131,0.033900,,
file_cache,miss,1131,0.097400,,
file_cache,hit,1132,0.033900,,
file_cache,miss,1132,0.099300,,
file_cache,hit,1133,0.033700,,
file_cache,miss,1133,0.097700,,
file_cache,hit,1134,0.033600,,
file_cache,miss,1134,0.098100,,
file_cache,hit,1135,0.035800,,
file_cache,miss,1135,0.117400,,
file_cache,hit,1136,0.034500,,
file_cache,miss,1136,0.099500,,
file_cache,hit,1137,0.034100,,
file_cache,miss,1137,0.099500,,
file_cache,hit,1138,0.034000,,
file_cache,miss,1138,0.102500,,
file_cache,hit,1139,0.035200,,
file_cache,miss,1139,0.099000,,
file_cache,hit,1140,0.034000,,
file_cache,miss,1140,0.097700,,
file_cache,hit,1141,0.034700,,
file_cache,miss,1141,0.100200,,
file_cache,hit,1142,0.034100,,
file_cache,miss,1142,0.102100,,
file_cache,hit,1143,0.034100,,
file_cache,miss,1143,0.098600,,
file_cache,hit,1144,0.033800,,
file_cache,miss,1144,0.098100,,
file_cache,hit,1145,0.034200,,
file_cache,miss,1145,0.099300,,
file_cache,hit,1146,0.037300,,
file_cache,miss,1146,0.099700,,
file_cache,hit,1147,0.034000,,
file_cache,miss,1147,0.098300,,
file_cache,hit,1148,0.033800,,
file_cache,miss,1148,0.098200,,
file_cache,hit,1149,0.034200,,
file_cache,miss,1149,0.099300,,
file_cache,hit,1150,0.034200,,
file_cache,miss,1150,0.101500,,
file_cache,hit,1151,0.034100,,
file_cache,miss,1151,0.097900,,
file_cache,hit,1152,0.033800,,
file_cache,miss,1152,0.099500,,
file_cache,hit,1153,0.034000,,
file_cache,miss,1153,0.127900,,
file_cache,hit,1154,0.035400,,
file_cache,miss,1154,0.104400,,
file_cache,hit,1155,0.038700,,
file_cache,miss,1155,0.099000,,
file_cache,hit,1156,0.034100,,
file_cache,miss,1156,0.108100,,
file_cache,hit,1157,0.035300,,
file_cache,miss,1157,0.099700,,
file_cache,hit,1158,0.034100,,
file_cache,miss,1158,0.098700,,
file_cache,hit,1159,0.035000,,
file_cache,miss,1159,0.098100,,
file_cache,hit,1160,0.033800,,
file_cache,miss,1160,0.098300,,
file_cache,hit,1161,0.033600,,
file_cache,miss,1161,0.098800,,
file_cache,hit,1162,0.033900,,
file_cache,miss,1162,0.098200,,
file_cache,hit,1163,0.033600,,
file_cache,miss,1163,0.098700,,
file_cache,hit,1164,0.033900,,
file_cache,miss,1164,0.097900,,
file_cache,hit,1165,0.033700,,
file_cache,miss,1165,0.101000,,
file_cache,hit,1166,0.034100,,
file_cache,miss,1166,0.112000,,
file_cache,hit,1167,0.034200,,
file_cache,miss,1167,0.107400,,
file_cache,hit,1168,0.034400,,
file_cache,miss,1168,0.099400,,
file_cache,hit,1169,0.033600,,
file_cache,miss,1169,0.099100,,
file_cache,hit,1170,0.034100,,
file_cache,miss,1170,0.099100,,
file_cache,hit,1171,0.034200,,
file_cache,miss,1171,0.106100,,
file_cache,hit,1172,0.034200,,
file_cache,miss,1172,0.099000,,
file_cache,hit,1173,0.034200,,
file_cache,miss,1173,0.099100,,
file_cache,hit,1174,0.034100,,
file_cache,miss,1174,0.130000,,
file_cache,hit,1175,0.035000,,
file_cache,miss,1175,0.098900,,
file_cache,hit,1176,0.035100,,
file_cache,miss,1176,0.099300,,
file_cache,hit,1177,0.034100,,
file_cache,miss,1177,0.097900,,
file_cache,hit,1178,0.040300,,
file_cache,miss,1178,0.100600,,
file_cache,hit,1179,0.034700,,
file_cache,miss,1179,0.101700,,
file_cache,hit,1180,0.034600,,
file_cache,miss,1180,0.099100,,
file_cache,hit,1181,0.035700,,
file_cache,miss,1181,0.105200,,
file_cache,hit,1182,0.036300,,
file_cache,miss,1182,0.098800,,
file_cache,hit,1183,0.033800,,
file_cache,miss,1183,0.100500,,
file_cache,hit,1184,0.035300,,
file_cache,miss,1184,0.100500,,
file_cache,hit,1185,0.034200,,
file_cache,miss,1185,0.107800,,
file_cache,hit,1186,0.035100,,
file_cache,miss,1186,0.101000,,
file_cache,hit,1187,0.034500,,
file_cache,miss,1187,0.100100,,
file_cache,hit,1188,0.039000,,
file_cache,miss,1188,0.101000,,
file_cache,hit,1189,0.034500,,
file_cache,miss,1189,0.101500,,
file_cache,hit,1190,0.034400,,
file_cache,miss,1190,0.100200,,
file_cache,hit,1191,0.035300,,
file_cache,miss,1191,0.101900,,
file_cache,hit,1192,0.034900,,
file_cache,miss,1192,0.109000,,
file_cache,hit,1193,0.034600,,
file_cache,miss,1193,0.100300,,
file_cache,hit,1194,0.036400,,
file_cache,miss,1194,0.099700,,
file_cache,hit,1195,0.034300,,
file_cache,miss,1195,0.099000,,
file_cache,hit,1196,0.033900,,
file_cache,miss,1196,0.101600,,
file_cache,hit,1197,0.034000,,
file_cache,miss,1197,0.103700,,
file_cache,hit,1198,0.034400,,
file_cache,miss,1198,0.099300,,
file_cache,hit,1199,0.034100,,
file_cache,miss,1199,0.101400,,
file_cache,hit,1200,0.034600,,
file_cache,miss,1200,0.099000,,
file_cache,hit,1201,0.034300,,
file_cache,miss,1201,0.098800,,
file_cache,hit,1202,0.034500,,
file_cache,miss,1202,0.098900,,
file_cache,hit,1203,0.033600,,
file_cache,miss,1203,0.098500,,
file_cache,hit,1204,0.033800,,
file_cache,miss,1204,0.098200,,
file_cache,hit,1205,0.034300,,
file_cache,miss,1205,0.097700,,
file_cache,hit,1206,0.034200,,
file_cache,miss,1206,0.101800,,
file_cache,hit,1207,0.035200,,
file_cache,miss,1207,0.100200,,
file_cache,hit,1208,0.033900,,
file_cache,miss,1208,0.098000,,
file_cache,hit,1209,0.033900,,
file_cache,miss,1209,0.097900,,
file_cache,hit,1210,0.033900,,
file_cache,miss,1210,0.104100,,
file_cache,hit,1211,0.035200,,
file_cache,miss,1211,0.101200,,
file_cache,hit,1212,0.037700,,
file_cache,miss,1212,0.099300,,
file_cache,hit,1213,0.033900,,
file_cache,miss,1213,0.097300,,
file_cache,hit,1214,0.034000,,
file_cache,miss,1214,0.098400,,
file_cache,hit,1215,0.033900,,
file_cache,miss,1215,0.098900,,
file_cache,hit,1216,0.034100,,
file_cache,miss,1216,0.097600,,
file_cache,hit,1217,0.033800,,
file_cache,miss,1217,0.103400,,
file_cache,hit,1218,0.034600,,
file_cache,miss,1218,0.127600,,
file_cache,hit,1219,0.033800,,
file_cache,miss,1219,0.097600,,
file_cache,hit,1220,0.033900,,
file_cache,miss,1220,0.098700,,
file_cache,hit,1221,0.037900,,
file_cache,miss,1221,0.098400,,
file_cache,hit,1222,0.034100,,
file_cache,miss,1222,0.098200,,
file_cache,hit,1223,0.033900,,
file_cache,miss,1223,0.098300,,
file_cache,hit,1224,0.033700,,
file_cache,miss,1224,0.114700,,
file_cache,hit,1225,0.065300,,
file_cache,miss,1225,0.114700,,
file_cache,hit,1226,0.035600,,
file_cache,miss,1226,0.099900,,
file_cache,hit,1227,0.036300,,
file_cache,miss,1227,0.104100,,
file_cache,hit,1228,0.034600,,
file_cache,miss,1228,0.099700,,
file_cache,hit,1229,0.034700,,
file_cache,miss,1229,0.098700,,
file_cache,hit,1230,0.033600,,
file_cache,miss,1230,0.097900,,
file_cache,hit,1231,0.033900,,
file_cache,miss,1231,0.111900,,
file_cache,hit,1232,0.034000,,
file_cache,miss,1232,0.097800,,
file_cache,hit,1233,0.034300,,
file_cache,miss,1233,0.098700,,
file_cache,hit,1234,0.033700,,
file_cache,miss,1234,0.098100,,
file_cache,hit,1235,0.041900,,
file_cache,miss,1235,0.100300,,
file_cache,hit,1236,0.033800,,
file_cache,miss,1236,0.098800,,
file_cache,hit,1237,0.033800,,
file_cache,miss,1237,0.098500,,
file_cache,hit,1238,0.033900,,
file_cache,miss,1238,0.098400,,
file_cache,hit,1239,0.033600,,
file_cache,miss,1239,0.097800,,
file_cache,hit,1240,0.033600,,
file_cache,miss,1240,0.104200,,
file_cache,hit,1241,0.033900,,
file_cache,miss,1241,0.097500,,
file_cache,hit,1242,0.034000,,
file_cache,miss,1242,0.101400,,
file_cache,hit,1243,0.033900,,
file_cache,miss,1243,0.099000,,
file_cache,hit,1244,0.033900,,
file_cache,miss,1244,0.098400,,
file_cache,hit,1245,0.033700,,
file_cache,miss,1245,0.098200,,
file_cache,hit,1246,0.043900,,
file_cache,miss,1246,0.100800,,
file_cache,hit,1247,0.034100,,
file_cache,miss,1247,0.098200,,
file_cache,hit,1248,0.033700,,
file_cache,miss,1248,0.097500,,
file_cache,hit,1249,0.033800,,
file_cache,miss,1249,0.098400,,
file_cache,hit,1250,0.034200,,
file_cache,miss,1250,0.098200,,
file_cache,hit,1251,0.034100,,
file_cache,miss,1251,0.097900,,
file_cache,hit,1252,0.033700,,
file_cache,miss,1252,0.097700,,
file_cache,hit,1253,0.033500,,
file_cache,miss,1253,0.104800,,
file_cache,hit,1254,0.038000,,
file_cache,miss,1254,0.103500,,
file_cache,hit,1255,0.034100,,
file_cache,miss,1255,0.099500,,
file_cache,hit,1256,0.033600,,
file_cache,miss,1256,0.101000,,
file_cache,hit,1257,0.034700,,
file_cache,miss,1257,0.100900,,
file_cache,hit,1258,0.034200,,
file_cache,miss,1258,0.098100,,
file_cache,hit,1259,0.033600,,
file_cache,miss,1259,0.099200,,
file_cache,hit,1260,0.034000,,
file_cache,miss,1260,0.111100,,
file_cache,hit,1261,0.033900,,
file_cache,miss,1261,0.100100,,
file_cache,hit,1262,0.033800,,
file_cache,miss,1262,0.099800,,
file_cache,hit,1263,0.034000,,
file_cache,miss,1263,0.099300,,
file_cache,hit,1264,0.041400,,
file_cache,miss,1264,0.100700,,
file_cache,hit,1265,0.034000,,
file_cache,miss,1265,0.099300,,
file_cache,hit,1266,0.034100,,
file_cache,miss,1266,0.099100,,
file_cache,hit,1267,0.037200,,
file_cache,miss,1267,0.100100,,
file_cache,hit,1268,0.033600,,
file_cache,miss,1268,0.099900,,
file_cache,hit,1269,0.033900,,
file_cache,miss,1269,0.098800,,
file_cache,hit,1270,0.057300,,
file_cache,miss,1270,0.133700,,
file_cache,hit,1271,0.033900,,
file_cache,miss,1271,0.099000,,
file_cache,hit,1272,0.034500,,
file_cache,miss,1272,0.100600,,
file_cache,hit,1273,0.035800,,
file_cache,miss,1273,0.098400,,
file_cache,hit,1274,0.034100,,
file_cache,miss,1274,0.105400,,
file_cache,hit,1275,0.034200,,
file_cache,miss,1275,0.099700,,
file_cache,hit,1276,0.033900,,
file_cache,miss,1276,0.098100,,
file_cache,hit,1277,0.034000,,
file_cache,miss,1277,0.099700,,
file_cache,hit,1278,0.034000,,
file_cache,miss,1278,0.099100,,
file_cache,hit,1279,0.034100,,
file_cache,miss,1279,0.103700,,
file_cache,hit,1280,0.033600,,
file_cache,miss,1280,0.098200,,
file_cache,hit,1281,0.035100,,
file_cache,miss,1281,0.104300,,
file_cache,hit,1282,0.034100,,
file_cache,miss,1282,0.101100,,
file_cache,hit,1283,0.033800,,
file_cache,miss,1283,0.098700,,
file_cache,hit,1284,0.033800,,
file_cache,miss,1284,0.098800,,
file_cache,hit,1285,0.034200,,
file_cache,miss,1285,0.104200,,
file_cache,hit,1286,0.033900,,
file_cache,miss,1286,0.097400,,
file_cache,hit,1287,0.037500,,
file_cache,miss,1287,0.098800,,
file_cache,hit,1288,0.033800,,
file_cache,miss,1288,0.101000,,
file_cache,hit,1289,0.034200,,
file_cache,miss,1289,0.098500,,
file_cache,hit,1290,0.034100,,
file_cache,miss,1290,0.098200,,
file_cache,hit,1291,0.033200,,
file_cache,miss,1291,0.098100,,
file_cache,hit,1292,0.033700,,
file_cache,miss,1292,0.104200,,
file_cache,hit,1293,0.034500,,
file_cache,miss,1293,0.103600,,
file_cache,hit,1294,0.034300,,
file_cache,miss,1294,0.099600,,
file_cache,hit,1295,0.034100,,
file_cache,miss,1295,0.098700,,
file_cache,hit,1296,0.034000,,
file_cache,miss,1296,0.098400,,
file_cache,hit,1297,0.033900,,
file_cache,miss,1297,0.111000,,
file_cache,hit,1298,0.033700,,
file_cache,miss,1298,0.098900,,
file_cache,hit,1299,0.034700,,
file_cache,miss,1299,0.106700,,
file_cache,hit,1300,0.035000,,
file_cache,miss,1300,0.097900,,
file_cache,hit,1301,0.033300,,
file_cache,miss,1301,0.098400,,
file_cache,hit,1302,0.034300,,
file_cache,miss,1302,0.098600,,
file_cache,hit,1303,0.034000,,
file_cache,miss,1303,0.106700,,
file_cache,hit,1304,0.033900,,
file_cache,miss,1304,0.099000,,
file_cache,hit,1305,0.033900,,
file_cache,miss,1305,0.117700,,
file_cache,hit,1306,0.033300,,
file_cache,miss,1306,0.098600,,
file_cache,hit,1307,0.034300,,
file_cache,miss,1307,0.103400,,
file_cache,hit,1308,0.034500,,
file_cache,miss,1308,0.100100,,
file_cache,hit,1309,0.034400,,
file_cache,miss,1309,0.098800,,
file_cache,hit,1310,0.034000,,
file_cache,miss,1310,0.104300,,
file_cache,hit,1311,0.034500,,
file_cache,miss,1311,0.099100,,
file_cache,hit,1312,0.034200,,
file_cache,miss,1312,0.100000,,
file_cache,hit,1313,0.033900,,
file_cache,miss,1313,0.098400,,
file_cache,hit,1314,0.034700,,
file_cache,miss,1314,0.108600,,
file_cache,hit,1315,0.034100,,
file_cache,miss,1315,0.099300,,
file_cache,hit,1316,0.035000,,
file_cache,miss,1316,0.098900,,
file_cache,hit,1317,0.033700,,
file_cache,miss,1317,0.105800,,
file_cache,hit,1318,0.034300,,
file_cache,miss,1318,0.099000,,
file_cache,hit,1319,0.035900,,
file_cache,miss,1319,0.098700,,
file_cache,hit,1320,0.037700,,
file_cache,miss,1320,0.099600,,
file_cache,hit,1321,0.038000,,
file_cache,miss,1321,0.099800,,
file_cache,hit,1322,0.038100,,
file_cache,miss,1322,0.100200,,
file_cache,hit,1323,0.033800,,
file_cache,miss,1323,0.099200,,
file_cache,hit,1324,0.034200,,
file_cache,miss,1324,0.107000,,
file_cache,hit,1325,0.035200,,
file_cache,miss,1325,0.101300,,
file_cache,hit,1326,0.034100,,
file_cache,miss,1326,0.099100,,
file_cache,hit,1327,0.034200,,
file_cache,miss,1327,0.098800,,
file_cache,hit,1328,0.033900,,
file_cache,miss,1328,0.098600,,
file_cache,hit,1329,0.034200,,
file_cache,miss,1329,0.100100,,
file_cache,hit,1330,0.034300,,
file_cache,miss,1330,0.099200,,
file_cache,hit,1331,0.034100,,
file_cache,miss,1331,0.098800,,
file_cache,hit,1332,0.035000,,
file_cache,miss,1332,0.099800,,
file_cache,hit,1333,0.034600,,
file_cache,miss,1333,0.098900,,
file_cache,hit,1334,0.035200,,
file_cache,miss,1334,0.098800,,
file_cache,hit,1335,0.034100,,
file_cache,miss,1335,0.166600,,
file_cache,hit,1336,0.117300,,
file_cache,miss,1336,0.139300,,
file_cache,hit,1337,0.038200,,
file_cache,miss,1337,0.107500,,
file_cache,hit,1338,0.035800,,
file_cache,miss,1338,0.106000,,
file_cache,hit,1339,0.034300,,
file_cache,miss,1339,0.100300,,
file_cache,hit,1340,0.034900,,
file_cache,miss,1340,0.102100,,
file_cache,hit,1341,0.035400,,
file_cache,miss,1341,0.102100,,
file_cache,hit,1342,0.035800,,
file_cache,miss,1342,0.100000,,
file_cache,hit,1343,0.034300,,
file_cache,miss,1343,0.105200,,
file_cache,hit,1344,0.035200,,
file_cache,miss,1344,0.102200,,
file_cache,hit,1345,0.037600,,
file_cache,miss,1345,0.102000,,
file_cache,hit,1346,0.035300,,
file_cache,miss,1346,0.161200,,
file_cache,hit,1347,0.082200,,
file_cache,miss,1347,0.147000,,
file_cache,hit,1348,0.042400,,
file_cache,miss,1348,0.237000,,
file_cache,hit,1349,0.068900,,
file_cache,miss,1349,0.211900,,
file_cache,hit,1350,0.042200,,
file_cache,miss,1350,0.109600,,
file_cache,hit,1351,0.037100,,
file_cache,miss,1351,0.127900,,
file_cache,hit,1352,0.036800,,
file_cache,miss,1352,0.105000,,
file_cache,hit,1353,0.036000,,
file_cache,miss,1353,0.109500,,
file_cache,hit,1354,0.038300,,
file_cache,miss,1354,0.104600,,
file_cache,hit,1355,0.035900,,
file_cache,miss,1355,0.108800,,
file_cache,hit,1356,0.061600,,
file_cache,miss,1356,0.185600,,
file_cache,hit,1357,0.043900,,
file_cache,miss,1357,0.111300,,
file_cache,hit,1358,0.037600,,
file_cache,miss,1358,0.128300,,
file_cache,hit,1359,0.036500,,
file_cache,miss,1359,0.103000,,
file_cache,hit,1360,0.035800,,
file_cache,miss,1360,0.103300,,
file_cache,hit,1361,0.035600,,
file_cache,miss,1361,0.113400,,
file_cache,hit,1362,0.035800,,
file_cache,miss,1362,0.103300,,
file_cache,hit,1363,0.035300,,
file_cache,miss,1363,0.102800,,
file_cache,hit,1364,0.035400,,
file_cache,miss,1364,0.114200,,
file_cache,hit,1365,0.035700,,
file_cache,miss,1365,0.104800,,
file_cache,hit,1366,0.035100,,
file_cache,miss,1366,0.110600,,
file_cache,hit,1367,0.036100,,
file_cache,miss,1367,0.102400,,
file_cache,hit,1368,0.035200,,
file_cache,miss,1368,0.102700,,
file_cache,hit,1369,0.035200,,
file_cache,miss,1369,0.102000,,
file_cache,hit,1370,0.034900,,
file_cache,miss,1370,0.101300,,
file_cache,hit,1371,0.036100,,
file_cache,miss,1371,0.105200,,
file_cache,hit,1372,0.035700,,
file_cache,miss,1372,0.101700,,
file_cache,hit,1373,0.035000,,
file_cache,miss,1373,0.127500,,
file_cache,hit,1374,0.035400,,
file_cache,miss,1374,0.101000,,
file_cache,hit,1375,0.035100,,
file_cache,miss,1375,0.101900,,
file_cache,hit,1376,0.035800,,
file_cache,miss,1376,0.101900,,
file_cache,hit,1377,0.035500,,
file_cache,miss,1377,0.102000,,
file_cache,hit,1378,0.035300,,
file_cache,miss,1378,0.105700,,
file_cache,hit,1379,0.035400,,
file_cache,miss,1379,0.105100,,
file_cache,hit,1380,0.035000,,
file_cache,miss,1380,0.180400,,
file_cache,hit,1381,0.068300,,
file_cache,miss,1381,0.128200,,
file_cache,hit,1382,0.038700,,
file_cache,miss,1382,0.106000,,
file_cache,hit,1383,0.036000,,
file_cache,miss,1383,0.104000,,
file_cache,hit,1384,0.035200,,
file_cache,miss,1384,0.113300,,
file_cache,hit,1385,0.036400,,
file_cache,miss,1385,0.104700,,
file_cache,hit,1386,0.078500,,
file_cache,miss,1386,0.103000,,
file_cache,hit,1387,0.035400,,
file_cache,miss,1387,0.101300,,
file_cache,hit,1388,0.035700,,
file_cache,miss,1388,0.102400,,
file_cache,hit,1389,0.035400,,
file_cache,miss,1389,0.101500,,
file_cache,hit,1390,0.035400,,
file_cache,miss,1390,0.103800,,
file_cache,hit,1391,0.039200,,
file_cache,miss,1391,0.112100,,
file_cache,hit,1392,0.035300,,
file_cache,miss,1392,0.108200,,
file_cache,hit,1393,0.035200,,
file_cache,miss,1393,0.109900,,
file_cache,hit,1394,0.035000,,
file_cache,miss,1394,0.101700,,
file_cache,hit,1395,0.034800,,
file_cache,miss,1395,0.100700,,
file_cache,hit,1396,0.035000,,
file_cache,miss,1396,0.101200,,
file_cache,hit,1397,0.035000,,
file_cache,miss,1397,0.106100,,
file_cache,hit,1398,0.036200,,
file_cache,miss,1398,0.103100,,
file_cache,hit,1399,0.035200,,
file_cache,miss,1399,0.101300,,
file_cache,hit,1400,0.034900,,
file_cache,miss,1400,0.099400,,
file_cache,hit,1401,0.034200,,
file_cache,miss,1401,0.109800,,
file_cache,hit,1402,0.035400,,
file_cache,miss,1402,0.101700,,
file_cache,hit,1403,0.034900,,
file_cache,miss,1403,0.102200,,
file_cache,hit,1404,0.035200,,
file_cache,miss,1404,0.101800,,
file_cache,hit,1405,0.035100,,
file_cache,miss,1405,0.129100,,
file_cache,hit,1406,0.034600,,
file_cache,miss,1406,0.100900,,
file_cache,hit,1407,0.034900,,
file_cache,miss,1407,0.102200,,
file_cache,hit,1408,0.037500,,
file_cache,miss,1408,0.100600,,
file_cache,hit,1409,0.034700,,
file_cache,miss,1409,0.101100,,
file_cache,hit,1410,0.035200,,
file_cache,miss,1410,0.100800,,
file_cache,hit,1411,0.035200,,
file_cache,miss,1411,0.105000,,
file_cache,hit,1412,0.037700,,
file_cache,miss,1412,0.103700,,
file_cache,hit,1413,0.035000,,
file_cache,miss,1413,0.101800,,
file_cache,hit,1414,0.035100,,
file_cache,miss,1414,0.101000,,
file_cache,hit,1415,0.035400,,
file_cache,miss,1415,0.101600,,
file_cache,hit,1416,0.034700,,
file_cache,miss,1416,0.101600,,
file_cache,hit,1417,0.034900,,
file_cache,miss,1417,0.100500,,
file_cache,hit,1418,0.035000,,
file_cache,miss,1418,0.105100,,
file_cache,hit,1419,0.040800,,
file_cache,miss,1419,0.102700,,
file_cache,hit,1420,0.034600,,
file_cache,miss,1420,0.102900,,
file_cache,hit,1421,0.035300,,
file_cache,miss,1421,0.102100,,
file_cache,hit,1422,0.035900,,
file_cache,miss,1422,0.101800,,
file_cache,hit,1423,0.035600,,
file_cache,miss,1423,0.104100,,
file_cache,hit,1424,0.035300,,
file_cache,miss,1424,0.101800,,
file_cache,hit,1425,0.035600,,
file_cache,miss,1425,0.105900,,
file_cache,hit,1426,0.037700,,
file_cache,miss,1426,0.108400,,
file_cache,hit,1427,0.035300,,
file_cache,miss,1427,0.100900,,
file_cache,hit,1428,0.035000,,
file_cache,miss,1428,0.101600,,
file_cache,hit,1429,0.035400,,
file_cache,miss,1429,0.103100,,
file_cache,hit,1430,0.036000,,
file_cache,miss,1430,0.104500,,
file_cache,hit,1431,0.036900,,
file_cache,miss,1431,0.103800,,
file_cache,hit,1432,0.036100,,
file_cache,miss,1432,0.136400,,
file_cache,hit,1433,0.108800,,
file_cache,miss,1433,0.140300,,
file_cache,hit,1434,0.039900,,
file_cache,miss,1434,0.120200,,
file_cache,hit,1435,0.037000,,
file_cache,miss,1435,0.105200,,
file_cache,hit,1436,0.036600,,
file_cache,miss,1436,0.104200,,
file_cache,hit,1437,0.036500,,
file_cache,miss,1437,0.108400,,
file_cache,hit,1438,0.035500,,
file_cache,miss,1438,0.102400,,
file_cache,hit,1439,0.035000,,
file_cache,miss,1439,0.102100,,
file_cache,hit,1440,0.035100,,
file_cache,miss,1440,0.101600,,
file_cache,hit,1441,0.048800,,
file_cache,miss,1441,0.102200,,
file_cache,hit,1442,0.035300,,
file_cache,miss,1442,0.105500,,
file_cache,hit,1443,0.035100,,
file_cache,miss,1443,0.197000,,
file_cache,hit,1444,0.070400,,
file_cache,miss,1444,0.133900,,
file_cache,hit,1445,0.038900,,
file_cache,miss,1445,0.107100,,
file_cache,hit,1446,0.035900,,
file_cache,miss,1446,0.103000,,
file_cache,hit,1447,0.035700,,
file_cache,miss,1447,0.108400,,
file_cache,hit,1448,0.036800,,
file_cache,miss,1448,0.102400,,
file_cache,hit,1449,0.035200,,
file_cache,miss,1449,0.108400,,
file_cache,hit,1450,0.035600,,
file_cache,miss,1450,0.101600,,
file_cache,hit,1451,0.035300,,
file_cache,miss,1451,0.111300,,
file_cache,hit,1452,0.035900,,
file_cache,miss,1452,0.102000,,
file_cache,hit,1453,0.035200,,
file_cache,miss,1453,0.103500,,
file_cache,hit,1454,0.035100,,
file_cache,miss,1454,0.108100,,
file_cache,hit,1455,0.035200,,
file_cache,miss,1455,0.112900,,
file_cache,hit,1456,0.034900,,
file_cache,miss,1456,0.101500,,
file_cache,hit,1457,0.035200,,
file_cache,miss,1457,0.101100,,
file_cache,hit,1458,0.040500,,
file_cache,miss,1458,0.109200,,
file_cache,hit,1459,0.036400,,
file_cache,miss,1459,0.102200,,
file_cache,hit,1460,0.035400,,
file_cache,miss,1460,0.101800,,
file_cache,hit,1461,0.035400,,
file_cache,miss,1461,0.112600,,
file_cache,hit,1462,0.036400,,
file_cache,miss,1462,0.104400,,
file_cache,hit,1463,0.036100,,
file_cache,miss,1463,0.102500,,
file_cache,hit,1464,0.035600,,
file_cache,miss,1464,0.102800,,
file_cache,hit,1465,0.042700,,
file_cache,miss,1465,0.105300,,
file_cache,hit,1466,0.035000,,
file_cache,miss,1466,0.102900,,
file_cache,hit,1467,0.035200,,
file_cache,miss,1467,0.101600,,
file_cache,hit,1468,0.034900,,
file_cache,miss,1468,0.113700,,
file_cache,hit,1469,0.035800,,
file_cache,miss,1469,0.138900,,
file_cache,hit,1470,0.034900,,
file_cache,miss,1470,0.110900,,
file_cache,hit,1471,0.035300,,
file_cache,miss,1471,0.102500,,
file_cache,hit,1472,0.035200,,
file_cache,miss,1472,0.102000,,
file_cache,hit,1473,0.034700,,
file_cache,miss,1473,0.100600,,
file_cache,hit,1474,0.070000,,
file_cache,miss,1474,0.101000,,
file_cache,hit,1475,0.039800,,
file_cache,miss,1475,0.103400,,
file_cache,hit,1476,0.034800,,
file_cache,miss,1476,0.100800,,
file_cache,hit,1477,0.034700,,
file_cache,miss,1477,0.100200,,
file_cache,hit,1478,0.035800,,
file_cache,miss,1478,0.106700,,
file_cache,hit,1479,0.035300,,
file_cache,miss,1479,0.101700,,
file_cache,hit,1480,0.035200,,
file_cache,miss,1480,0.103500,,
file_cache,hit,1481,0.034900,,
file_cache,miss,1481,0.126200,,
file_cache,hit,1482,0.034900,,
file_cache,miss,1482,0.100200,,
file_cache,hit,1483,0.034900,,
file_cache,miss,1483,0.101000,,
file_cache,hit,1484,0.034700,,
file_cache,miss,1484,0.101700,,
file_cache,hit,1485,0.034700,,
file_cache,miss,1485,0.104600,,
file_cache,hit,1486,0.035300,,
file_cache,miss,1486,0.100600,,
file_cache,hit,1487,0.034600,,
file_cache,miss,1487,0.100000,,
file_cache,hit,1488,0.035000,,
file_cache,miss,1488,0.101500,,
file_cache,hit,1489,0.035300,,
file_cache,miss,1489,0.100200,,
file_cache,hit,1490,0.034400,,
file_cache,miss,1490,0.127100,,
file_cache,hit,1491,0.034900,,
file_cache,miss,1491,0.101100,,
file_cache,hit,1492,0.034700,,
file_cache,miss,1492,0.110100,,
file_cache,hit,1493,0.036300,,
file_cache,miss,1493,0.100700,,
file_cache,hit,1494,0.035100,,
file_cache,miss,1494,0.099900,,
file_cache,hit,1495,0.035100,,
file_cache,miss,1495,0.108100,,
file_cache,hit,1496,0.035100,,
file_cache,miss,1496,0.100300,,
file_cache,hit,1497,0.034900,,
file_cache,miss,1497,0.101900,,
file_cache,hit,1498,0.035300,,
file_cache,miss,1498,0.100800,,
file_cache,hit,1499,0.034900,,
file_cache,miss,1499,0.107900,,
file_cache,hit,1500,0.035500,,
file_cache,miss,1500,0.100900,,
file_cache,hit,1501,0.035200,,
file_cache,miss,1501,0.101700,,
file_cache,hit,1502,0.035400,,
file_cache,miss,1502,0.102300,,
file_cache,hit,1503,0.036700,,
file_cache,miss,1503,0.105700,,
file_cache,hit,1504,0.036500,,
file_cache,miss,1504,0.100300,,
file_cache,hit,1505,0.035000,,
file_cache,miss,1505,0.100200,,
file_cache,hit,1506,0.034900,,
file_cache,miss,1506,0.100900,,
file_cache,hit,1507,0.034900,,
file_cache,miss,1507,0.100300,,
file_cache,hit,1508,0.034900,,
file_cache,miss,1508,0.100000,,
file_cache,hit,1509,0.034800,,
file_cache,miss,1509,0.105900,,
file_cache,hit,1510,0.042200,,
file_cache,miss,1510,0.102700,,
file_cache,hit,1511,0.036900,,
file_cache,miss,1511,0.100200,,
file_cache,hit,1512,0.034600,,
file_cache,miss,1512,0.100200,,
file_cache,hit,1513,0.034900,,
file_cache,miss,1513,0.107000,,
file_cache,hit,1514,0.035000,,
file_cache,miss,1514,0.101200,,
file_cache,hit,1515,0.034900,,
file_cache,miss,1515,0.100000,,
file_cache,hit,1516,0.034700,,
file_cache,miss,1516,0.100000,,
file_cache,hit,1517,0.034600,,
file_cache,miss,1517,0.099900,,
file_cache,hit,1518,0.034800,,
file_cache,miss,1518,0.100300,,
file_cache,hit,1519,0.034800,,
file_cache,miss,1519,0.101000,,
file_cache,hit,1520,0.034700,,
file_cache,miss,1520,0.105900,,
file_cache,hit,1521,0.035600,,
file_cache,miss,1521,0.123700,,
file_cache,hit,1522,0.035100,,
file_cache,miss,1522,0.100000,,
file_cache,hit,1523,0.034700,,
file_cache,miss,1523,0.106000,,
file_cache,hit,1524,0.038300,,
file_cache,miss,1524,0.101000,,
file_cache,hit,1525,0.035300,,
file_cache,miss,1525,0.101200,,
file_cache,hit,1526,0.034700,,
file_cache,miss,1526,0.101800,,
file_cache,hit,1527,0.034900,,
file_cache,miss,1527,0.100200,,
file_cache,hit,1528,0.035400,,
file_cache,miss,1528,0.100800,,
file_cache,hit,1529,0.034900,,
file_cache,miss,1529,0.101900,,
file_cache,hit,1530,0.036200,,
file_cache,miss,1530,0.103200,,
file_cache,hit,1531,0.036800,,
file_cache,miss,1531,0.110400,,
file_cache,hit,1532,0.036800,,
file_cache,miss,1532,0.105900,,
file_cache,hit,1533,0.036700,,
file_cache,miss,1533,0.103900,,
file_cache,hit,1534,0.035600,,
file_cache,miss,1534,0.102300,,
file_cache,hit,1535,0.035800,,
file_cache,miss,1535,0.102800,,
file_cache,hit,1536,0.039300,,
file_cache,miss,1536,0.104400,,
file_cache,hit,1537,0.036500,,
file_cache,miss,1537,0.112400,,
file_cache,hit,1538,0.072700,,
file_cache,miss,1538,0.102900,,
file_cache,hit,1539,0.036000,,
file_cache,miss,1539,0.103200,,
file_cache,hit,1540,0.036400,,
file_cache,miss,1540,0.106500,,
file_cache,hit,1541,0.036600,,
file_cache,miss,1541,0.226500,,
file_cache,hit,1542,0.066900,,
file_cache,miss,1542,0.116700,,
file_cache,hit,1543,0.038200,,
file_cache,miss,1543,0.105700,,
file_cache,hit,1544,0.035600,,
file_cache,miss,1544,0.102900,,
file_cache,hit,1545,0.042700,,
file_cache,miss,1545,0.108900,,
file_cache,hit,1546,0.035000,,
file_cache,miss,1546,0.123400,,
file_cache,hit,1547,0.035000,,
file_cache,miss,1547,0.100900,,
file_cache,hit,1548,0.035600,,
file_cache,miss,1548,0.101200,,
file_cache,hit,1549,0.039500,,
file_cache,miss,1549,0.107800,,
file_cache,hit,1550,0.034900,,
file_cache,miss,1550,0.101600,,
file_cache,hit,1551,0.035100,,
file_cache,miss,1551,0.101400,,
file_cache,hit,1552,0.075900,,
file_cache,miss,1552,0.131200,,
file_cache,hit,1553,0.036600,,
file_cache,miss,1553,0.108600,,
file_cache,hit,1554,0.036000,,
file_cache,miss,1554,0.102800,,
file_cache,hit,1555,0.046600,,
file_cache,miss,1555,0.101100,,
file_cache,hit,1556,0.036300,,
file_cache,miss,1556,0.120100,,
file_cache,hit,1557,0.034800,,
file_cache,miss,1557,0.101300,,
file_cache,hit,1558,0.035400,,
file_cache,miss,1558,0.100600,,
file_cache,hit,1559,0.035000,,
file_cache,miss,1559,0.100600,,
file_cache,hit,1560,0.034900,,
file_cache,miss,1560,0.100600,,
file_cache,hit,1561,0.035000,,
file_cache,miss,1561,0.100600,,
file_cache,hit,1562,0.035200,,
file_cache,miss,1562,0.100600,,
file_cache,hit,1563,0.035100,,
file_cache,miss,1563,0.107000,,
file_cache,hit,1564,0.036400,,
file_cache,miss,1564,0.128300,,
file_cache,hit,1565,0.035800,,
file_cache,miss,1565,0.101100,,
file_cache,hit,1566,0.034900,,
file_cache,miss,1566,0.101500,,
file_cache,hit,1567,0.035300,,
file_cache,miss,1567,0.103300,,
file_cache,hit,1568,0.035000,,
file_cache,miss,1568,0.100700,,
file_cache,hit,1569,0.035900,,
file_cache,miss,1569,0.100400,,
file_cache,hit,1570,0.035100,,
file_cache,miss,1570,0.100200,,
file_cache,hit,1571,0.040300,,
file_cache,miss,1571,0.102400,,
file_cache,hit,1572,0.034800,,
file_cache,miss,1572,0.101300,,
file_cache,hit,1573,0.034800,,
file_cache,miss,1573,0.101600,,
file_cache,hit,1574,0.034900,,
file_cache,miss,1574,0.104900,,
file_cache,hit,1575,0.035300,,
file_cache,miss,1575,0.100700,,
file_cache,hit,1576,0.034500,,
file_cache,miss,1576,0.099800,,
file_cache,hit,1577,0.034600,,
file_cache,miss,1577,0.106400,,
file_cache,hit,1578,0.035100,,
file_cache,miss,1578,0.107300,,
file_cache,hit,1579,0.040200,,
file_cache,miss,1579,0.100300,,
file_cache,hit,1580,0.034900,,
file_cache,miss,1580,0.100500,,
file_cache,hit,1581,0.036100,,
file_cache,miss,1581,0.105900,,
file_cache,hit,1582,0.035500,,
file_cache,miss,1582,0.104200,,
file_cache,hit,1583,0.035200,,
file_cache,miss,1583,0.100500,,
file_cache,hit,1584,0.034900,,
file_cache,miss,1584,0.100700,,
file_cache,hit,1585,0.034900,,
file_cache,miss,1585,0.100200,,
file_cache,hit,1586,0.034700,,
file_cache,miss,1586,0.100700,,
file_cache,hit,1587,0.034600,,
file_cache,miss,1587,0.100100,,
file_cache,hit,1588,0.034600,,
file_cache,miss,1588,0.102800,,
file_cache,hit,1589,0.037800,,
file_cache,miss,1589,0.101900,,
file_cache,hit,1590,0.035000,,
file_cache,miss,1590,0.100500,,
file_cache,hit,1591,0.035600,,
file_cache,miss,1591,0.105700,,
file_cache,hit,1592,0.035000,,
file_cache,miss,1592,0.105100,,
file_cache,hit,1593,0.034800,,
file_cache,miss,1593,0.100500,,
file_cache,hit,1594,0.034800,,
file_cache,miss,1594,0.100800,,
file_cache,hit,1595,0.034900,,
file_cache,miss,1595,0.101000,,
file_cache,hit,1596,0.041400,,
file_cache,miss,1596,0.101800,,
file_cache,hit,1597,0.034900,,
file_cache,miss,1597,0.100100,,
file_cache,hit,1598,0.036800,,
file_cache,miss,1598,0.100100,,
file_cache,hit,1599,0.034600,,
file_cache,miss,1599,0.101200,,
file_cache,hit,1600,0.034700,,
file_cache,miss,1600,0.101300,,
file_cache,hit,1601,0.034900,,
file_cache,miss,1601,0.100800,,
file_cache,hit,1602,0.034700,,
file_cache,miss,1602,0.101500,,
file_cache,hit,1603,0.038200,,
file_cache,miss,1603,0.101500,,
file_cache,hit,1604,0.035900,,
file_cache,miss,1604,0.100400,,
file_cache,hit,1605,0.034800,,
file_cache,miss,1605,0.107300,,
file_cache,hit,1606,0.034900,,
file_cache,miss,1606,0.100000,,
file_cache,hit,1607,0.034600,,
file_cache,miss,1607,0.100500,,
file_cache,hit,1608,0.035400,,
file_cache,miss,1608,0.101800,,
file_cache,hit,1609,0.035000,,
file_cache,miss,1609,0.100000,,
file_cache,hit,1610,0.034700,,
file_cache,miss,1610,0.099400,,
file_cache,hit,1611,0.034600,,
file_cache,miss,1611,0.104600,,
file_cache,hit,1612,0.034700,,
file_cache,miss,1612,0.101200,,
file_cache,hit,1613,0.034800,,
file_cache,miss,1613,0.110400,,
file_cache,hit,1614,0.034900,,
file_cache,miss,1614,0.101800,,
file_cache,hit,1615,0.034500,,
file_cache,miss,1615,0.100100,,
file_cache,hit,1616,0.034700,,
file_cache,miss,1616,0.101000,,
file_cache,hit,1617,0.034600,,
file_cache,miss,1617,0.100800,,
file_cache,hit,1618,0.034900,,
file_cache,miss,1618,0.100000,,
file_cache,hit,1619,0.034900,,
file_cache,miss,1619,0.104800,,
file_cache,hit,1620,0.034600,,
file_cache,miss,1620,0.104900,,
file_cache,hit,1621,0.035000,,
file_cache,miss,1621,0.117100,,
file_cache,hit,1622,0.035700,,
file_cache,miss,1622,0.100900,,
file_cache,hit,1623,0.034800,,
file_cache,miss,1623,0.100800,,
file_cache,hit,1624,0.034700,,
file_cache,miss,1624,0.100300,,
file_cache,hit,1625,0.034900,,
file_cache,miss,1625,0.100400,,
file_cache,hit,1626,0.035900,,
file_cache,miss,1626,0.100200,,
file_cache,hit,1627,0.034700,,
file_cache,miss,1627,0.099900,,
file_cache,hit,1628,0.034900,,
file_cache,miss,1628,0.102000,,
file_cache,hit,1629,0.034600,,
file_cache,miss,1629,0.100100,,
file_cache,hit,1630,0.034600,,
file_cache,miss,1630,0.101000,,
file_cache,hit,1631,0.036500,,
file_cache,miss,1631,0.104400,,
file_cache,hit,1632,0.052600,,
file_cache,miss,1632,0.100900,,
file_cache,hit,1633,0.034900,,
file_cache,miss,1633,0.104900,,
file_cache,hit,1634,0.034600,,
file_cache,miss,1634,0.101100,,
file_cache,hit,1635,0.035000,,
file_cache,miss,1635,0.101100,,
file_cache,hit,1636,0.034800,,
file_cache,miss,1636,0.100400,,
file_cache,hit,1637,0.034500,,
file_cache,miss,1637,0.100100,,
file_cache,hit,1638,0.036700,,
file_cache,miss,1638,0.101800,,
file_cache,hit,1639,0.035900,,
file_cache,miss,1639,0.100700,,
file_cache,hit,1640,0.034600,,
file_cache,miss,1640,0.100100,,
file_cache,hit,1641,0.034600,,
file_cache,miss,1641,0.099800,,
file_cache,hit,1642,0.034700,,
file_cache,miss,1642,0.101400,,
file_cache,hit,1643,0.034700,,
file_cache,miss,1643,0.101900,,
file_cache,hit,1644,0.036200,,
file_cache,miss,1644,0.114900,,
file_cache,hit,1645,0.035000,,
file_cache,miss,1645,0.101900,,
file_cache,hit,1646,0.035600,,
file_cache,miss,1646,0.102500,,
file_cache,hit,1647,0.036000,,
file_cache,miss,1647,0.106900,,
file_cache,hit,1648,0.036600,,
file_cache,miss,1648,0.120200,,
file_cache,hit,1649,0.104600,,
file_cache,miss,1649,0.140200,,
file_cache,hit,1650,0.038500,,
file_cache,miss,1650,0.141100,,
file_cache,hit,1651,0.090400,,
file_cache,miss,1651,0.138200,,
file_cache,hit,1652,0.084500,,
file_cache,miss,1652,0.123900,,
file_cache,hit,1653,0.058800,,
file_cache,miss,1653,0.106500,,
file_cache,hit,1654,0.035400,,
file_cache,miss,1654,0.103200,,
file_cache,hit,1655,0.040700,,
file_cache,miss,1655,0.103400,,
file_cache,hit,1656,0.035600,,
file_cache,miss,1656,0.102500,,
file_cache,hit,1657,0.035000,,
file_cache,miss,1657,0.256400,,
file_cache,hit,1658,0.040300,,
file_cache,miss,1658,0.119400,,
file_cache,hit,1659,0.036700,,
file_cache,miss,1659,0.237900,,
file_cache,hit,1660,0.051100,,
file_cache,miss,1660,0.108300,,
file_cache,hit,1661,0.036500,,
file_cache,miss,1661,0.102800,,
file_cache,hit,1662,0.035300,,
file_cache,miss,1662,0.112200,,
file_cache,hit,1663,0.036100,,
file_cache,miss,1663,0.103100,,
file_cache,hit,1664,0.035400,,
file_cache,miss,1664,0.101600,,
file_cache,hit,1665,0.035300,,
file_cache,miss,1665,0.101300,,
file_cache,hit,1666,0.035200,,
file_cache,miss,1666,0.101500,,
file_cache,hit,1667,0.062000,,
file_cache,miss,1667,0.101900,,
file_cache,hit,1668,0.035300,,
file_cache,miss,1668,0.100800,,
file_cache,hit,1669,0.035200,,
file_cache,miss,1669,0.105700,,
file_cache,hit,1670,0.038900,,
file_cache,miss,1670,0.108700,,
file_cache,hit,1671,0.035600,,
file_cache,miss,1671,0.102100,,
file_cache,hit,1672,0.035000,,
file_cache,miss,1672,0.100900,,
file_cache,hit,1673,0.035700,,
file_cache,miss,1673,0.102200,,
file_cache,hit,1674,0.035100,,
file_cache,miss,1674,0.101200,,
file_cache,hit,1675,0.035200,,
file_cache,miss,1675,0.101800,,
file_cache,hit,1676,0.035200,,
file_cache,miss,1676,0.100700,,
file_cache,hit,1677,0.035000,,
file_cache,miss,1677,0.100500,,
file_cache,hit,1678,0.035000,,
file_cache,miss,1678,0.100900,,
file_cache,hit,1679,0.034900,,
file_cache,miss,1679,0.104900,,
file_cache,hit,1680,0.038700,,
file_cache,miss,1680,0.101700,,
file_cache,hit,1681,0.034900,,
file_cache,miss,1681,0.101000,,
file_cache,hit,1682,0.034700,,
file_cache,miss,1682,0.100900,,
file_cache,hit,1683,0.034500,,
file_cache,miss,1683,0.100800,,
file_cache,hit,1684,0.035000,,
file_cache,miss,1684,0.107300,,
file_cache,hit,1685,0.034800,,
file_cache,miss,1685,0.102500,,
file_cache,hit,1686,0.035200,,
file_cache,miss,1686,0.102000,,
file_cache,hit,1687,0.037100,,
file_cache,miss,1687,0.101000,,
file_cache,hit,1688,0.034600,,
file_cache,miss,1688,0.105500,,
file_cache,hit,1689,0.034900,,
file_cache,miss,1689,0.100200,,
file_cache,hit,1690,0.034900,,
file_cache,miss,1690,0.100000,,
file_cache,hit,1691,0.035000,,
file_cache,miss,1691,0.099400,,
file_cache,hit,1692,0.035900,,
file_cache,miss,1692,0.100400,,
file_cache,hit,1693,0.034700,,
file_cache,miss,1693,0.101900,,
file_cache,hit,1694,0.040400,,
file_cache,miss,1694,0.101600,,
file_cache,hit,1695,0.034800,,
file_cache,miss,1695,0.100700,,
file_cache,hit,1696,0.034900,,
file_cache,miss,1696,0.100100,,
file_cache,hit,1697,0.047800,,
file_cache,miss,1697,0.105900,,
file_cache,hit,1698,0.035000,,
file_cache,miss,1698,0.105400,,
file_cache,hit,1699,0.034900,,
file_cache,miss,1699,0.100200,,
file_cache,hit,1700,0.035000,,
file_cache,miss,1700,0.102200,,
file_cache,hit,1701,0.035000,,
file_cache,miss,1701,0.102000,,
file_cache,hit,1702,0.034900,,
file_cache,miss,1702,0.100500,,
file_cache,hit,1703,0.035000,,
file_cache,miss,1703,0.100600,,
file_cache,hit,1704,0.034800,,
file_cache,miss,1704,0.104600,,
file_cache,hit,1705,0.035000,,
file_cache,miss,1705,0.100600,,
file_cache,hit,1706,0.035000,,
file_cache,miss,1706,0.101700,,
file_cache,hit,1707,0.034700,,
file_cache,miss,1707,0.100700,,
file_cache,hit,1708,0.034700,,
file_cache,miss,1708,0.100500,,
file_cache,hit,1709,0.034800,,
file_cache,miss,1709,0.100500,,
file_cache,hit,1710,0.034800,,
file_cache,miss,1710,0.101500,,
file_cache,hit,1711,0.034900,,
file_cache,miss,1711,0.100400,,
file_cache,hit,1712,0.034700,,
file_cache,miss,1712,0.105600,,
file_cache,hit,1713,0.034900,,
file_cache,miss,1713,0.101100,,
file_cache,hit,1714,0.034600,,
file_cache,miss,1714,0.101000,,
file_cache,hit,1715,0.036800,,
file_cache,miss,1715,0.111700,,
file_cache,hit,1716,0.037500,,
file_cache,miss,1716,0.101500,,
file_cache,hit,1717,0.034600,,
file_cache,miss,1717,0.101200,,
file_cache,hit,1718,0.034800,,
file_cache,miss,1718,0.106000,,
file_cache,hit,1719,0.035800,,
file_cache,miss,1719,0.101900,,
file_cache,hit,1720,0.035000,,
file_cache,miss,1720,0.100700,,
file_cache,hit,1721,0.038300,,
file_cache,miss,1721,0.100400,,
file_cache,hit,1722,0.034900,,
file_cache,miss,1722,0.107400,,
file_cache,hit,1723,0.034700,,
file_cache,miss,1723,0.101300,,
file_cache,hit,1724,0.034800,,
file_cache,miss,1724,0.100100,,
file_cache,hit,1725,0.034600,,
file_cache,miss,1725,0.100600,,
file_cache,hit,1726,0.041500,,
file_cache,miss,1726,0.121100,,
file_cache,hit,1727,0.034900,,
file_cache,miss,1727,0.100800,,
file_cache,hit,1728,0.034900,,
file_cache,miss,1728,0.101200,,
file_cache,hit,1729,0.034500,,
file_cache,miss,1729,0.099900,,
file_cache,hit,1730,0.034600,,
file_cache,miss,1730,0.099800,,
file_cache,hit,1731,0.034900,,
file_cache,miss,1731,0.102000,,
file_cache,hit,1732,0.034900,,
file_cache,miss,1732,0.100900,,
file_cache,hit,1733,0.037900,,
file_cache,miss,1733,0.100900,,
file_cache,hit,1734,0.035000,,
file_cache,miss,1734,0.100700,,
file_cache,hit,1735,0.034900,,
file_cache,miss,1735,0.100800,,
file_cache,hit,1736,0.034800,,
file_cache,miss,1736,0.101400,,
file_cache,hit,1737,0.035000,,
file_cache,miss,1737,0.100400,,
file_cache,hit,1738,0.034900,,
file_cache,miss,1738,0.100700,,
file_cache,hit,1739,0.035000,,
file_cache,miss,1739,0.100600,,
file_cache,hit,1740,0.039600,,
file_cache,miss,1740,0.106100,,
file_cache,hit,1741,0.034700,,
file_cache,miss,1741,0.101400,,
file_cache,hit,1742,0.035000,,
file_cache,miss,1742,0.100900,,
file_cache,hit,1743,0.034800,,
file_cache,miss,1743,0.100400,,
file_cache,hit,1744,0.044500,,
file_cache,miss,1744,0.101100,,
file_cache,hit,1745,0.034600,,
file_cache,miss,1745,0.101200,,
file_cache,hit,1746,0.034700,,
file_cache,miss,1746,0.102100,,
file_cache,hit,1747,0.035000,,
file_cache,miss,1747,0.100000,,
file_cache,hit,1748,0.034900,,
file_cache,miss,1748,0.100300,,
file_cache,hit,1749,0.034700,,
file_cache,miss,1749,0.100000,,
file_cache,hit,1750,0.036100,,
file_cache,miss,1750,0.121900,,
file_cache,hit,1751,0.075300,,
file_cache,miss,1751,0.106400,,
file_cache,hit,1752,0.034800,,
file_cache,miss,1752,0.101600,,
file_cache,hit,1753,0.035200,,
file_cache,miss,1753,0.107800,,
file_cache,hit,1754,0.044500,,
file_cache,miss,1754,0.106000,,
file_cache,hit,1755,0.036300,,
file_cache,miss,1755,0.105100,,
file_cache,hit,1756,0.035900,,
file_cache,miss,1756,0.104300,,
file_cache,hit,1757,0.037700,,
file_cache,miss,1757,0.112800,,
file_cache,hit,1758,0.036800,,
file_cache,miss,1758,0.106900,,
file_cache,hit,1759,0.037400,,
file_cache,miss,1759,0.102900,,
file_cache,hit,1760,0.035800,,
file_cache,miss,1760,0.102800,,
file_cache,hit,1761,0.041100,,
file_cache,miss,1761,0.102300,,
file_cache,hit,1762,0.051400,,
file_cache,miss,1762,0.102600,,
file_cache,hit,1763,0.035200,,
file_cache,miss,1763,0.138100,,
file_cache,hit,1764,0.039000,,
file_cache,miss,1764,0.134200,,
file_cache,hit,1765,0.038300,,
file_cache,miss,1765,0.104900,,
file_cache,hit,1766,0.035400,,
file_cache,miss,1766,0.102700,,
file_cache,hit,1767,0.035500,,
file_cache,miss,1767,0.108500,,
file_cache,hit,1768,0.035200,,
file_cache,miss,1768,0.100500,,
file_cache,hit,1769,0.034900,,
file_cache,miss,1769,0.100300,,
file_cache,hit,1770,0.035600,,
file_cache,miss,1770,0.100900,,
file_cache,hit,1771,0.037600,,
file_cache,miss,1771,0.101900,,
file_cache,hit,1772,0.035100,,
file_cache,miss,1772,0.101600,,
file_cache,hit,1773,0.035500,,
file_cache,miss,1773,0.119500,,
file_cache,hit,1774,0.035100,,
file_cache,miss,1774,0.100700,,
file_cache,hit,1775,0.035500,,
file_cache,miss,1775,0.102400,,
file_cache,hit,1776,0.035400,,
file_cache,miss,1776,0.102200,,
file_cache,hit,1777,0.035400,,
file_cache,miss,1777,0.105600,,
file_cache,hit,1778,0.035500,,
file_cache,miss,1778,0.101600,,
file_cache,hit,1779,0.035100,,
file_cache,miss,1779,0.100700,,
file_cache,hit,1780,0.035100,,
file_cache,miss,1780,0.101400,,
file_cache,hit,1781,0.035100,,
file_cache,miss,1781,0.101500,,
file_cache,hit,1782,0.034400,,
file_cache,miss,1782,0.100200,,
file_cache,hit,1783,0.034700,,
file_cache,miss,1783,0.101000,,
file_cache,hit,1784,0.034600,,
file_cache,miss,1784,0.103800,,
file_cache,hit,1785,0.039200,,
file_cache,miss,1785,0.103000,,
file_cache,hit,1786,0.035300,,
file_cache,miss,1786,0.108600,,
file_cache,hit,1787,0.036800,,
file_cache,miss,1787,0.104200,,
file_cache,hit,1788,0.036300,,
file_cache,miss,1788,0.112800,,
file_cache,hit,1789,0.035700,,
file_cache,miss,1789,0.101800,,
file_cache,hit,1790,0.034900,,
file_cache,miss,1790,0.100700,,
file_cache,hit,1791,0.034900,,
file_cache,miss,1791,0.129900,,
file_cache,hit,1792,0.037300,,
file_cache,miss,1792,0.105100,,
file_cache,hit,1793,0.034700,,
file_cache,miss,1793,0.102300,,
file_cache,hit,1794,0.035000,,
file_cache,miss,1794,0.104000,,
file_cache,hit,1795,0.035500,,
file_cache,miss,1795,0.101700,,
file_cache,hit,1796,0.035800,,
file_cache,miss,1796,0.101800,,
file_cache,hit,1797,0.034800,,
file_cache,miss,1797,0.102500,,
file_cache,hit,1798,0.035000,,
file_cache,miss,1798,0.106600,,
file_cache,hit,1799,0.035900,,
file_cache,miss,1799,0.103800,,
file_cache,hit,1800,0.036300,,
file_cache,miss,1800,0.102000,,
file_cache,hit,1801,0.035000,,
file_cache,miss,1801,0.100300,,
file_cache,hit,1802,0.034900,,
file_cache,miss,1802,0.109900,,
file_cache,hit,1803,0.036800,,
file_cache,miss,1803,0.101200,,
file_cache,hit,1804,0.034800,,
file_cache,miss,1804,0.100500,,
file_cache,hit,1805,0.034900,,
file_cache,miss,1805,0.100200,,
file_cache,hit,1806,0.034900,,
file_cache,miss,1806,0.101000,,
file_cache,hit,1807,0.034900,,
file_cache,miss,1807,0.099700,,
file_cache,hit,1808,0.036500,,
file_cache,miss,1808,0.104500,,
file_cache,hit,1809,0.036100,,
file_cache,miss,1809,0.104200,,
file_cache,hit,1810,0.035200,,
file_cache,miss,1810,0.100900,,
file_cache,hit,1811,0.035100,,
file_cache,miss,1811,0.101900,,
file_cache,hit,1812,0.034800,,
file_cache,miss,1812,0.101000,,
file_cache,hit,1813,0.034800,,
file_cache,miss,1813,0.100400,,
file_cache,hit,1814,0.034800,,
file_cache,miss,1814,0.100300,,
file_cache,hit,1815,0.034700,,
file_cache,miss,1815,0.101200,,
file_cache,hit,1816,0.034600,,
file_cache,miss,1816,0.105100,,
file_cache,hit,1817,0.035200,,
file_cache,miss,1817,0.100900,,
file_cache,hit,1818,0.034900,,
file_cache,miss,1818,0.126900,,
file_cache,hit,1819,0.035200,,
file_cache,miss,1819,0.103900,,
file_cache,hit,1820,0.035700,,
file_cache,miss,1820,0.100100,,
file_cache,hit,1821,0.034900,,
file_cache,miss,1821,0.100500,,
file_cache,hit,1822,0.034700,,
file_cache,miss,1822,0.106200,,
file_cache,hit,1823,0.039200,,
file_cache,miss,1823,0.105400,,
file_cache,hit,1824,0.035500,,
file_cache,miss,1824,0.103000,,
file_cache,hit,1825,0.034600,,
file_cache,miss,1825,0.100800,,
file_cache,hit,1826,0.035700,,
file_cache,miss,1826,0.105500,,
file_cache,hit,1827,0.048100,,
file_cache,miss,1827,0.101800,,
file_cache,hit,1828,0.035500,,
file_cache,miss,1828,0.101400,,
file_cache,hit,1829,0.034700,,
file_cache,miss,1829,0.100400,,
file_cache,hit,1830,0.039400,,
file_cache,miss,1830,0.102300,,
file_cache,hit,1831,0.035000,,
file_cache,miss,1831,0.101200,,
file_cache,hit,1832,0.034600,,
file_cache,miss,1832,0.100300,,
file_cache,hit,1833,0.034700,,
file_cache,miss,1833,0.111700,,
file_cache,hit,1834,0.035000,,
file_cache,miss,1834,0.105300,,
file_cache,hit,1835,0.035000,,
file_cache,miss,1835,0.100600,,
file_cache,hit,1836,0.034800,,
file_cache,miss,1836,0.099900,,
file_cache,hit,1837,0.037500,,
file_cache,miss,1837,0.102900,,
file_cache,hit,1838,0.034900,,
file_cache,miss,1838,0.102200,,
file_cache,hit,1839,0.034900,,
file_cache,miss,1839,0.100100,,
file_cache,hit,1840,0.034500,,
file_cache,miss,1840,0.100500,,
file_cache,hit,1841,0.034700,,
file_cache,miss,1841,0.100500,,
file_cache,hit,1842,0.034600,,
file_cache,miss,1842,0.099700,,
file_cache,hit,1843,0.034900,,
file_cache,miss,1843,0.099600,,
file_cache,hit,1844,0.034300,,
file_cache,miss,1844,0.105600,,
file_cache,hit,1845,0.035300,,
file_cache,miss,1845,0.100400,,
file_cache,hit,1846,0.034800,,
file_cache,miss,1846,0.101100,,
file_cache,hit,1847,0.035200,,
file_cache,miss,1847,0.099700,,
file_cache,hit,1848,0.034800,,
file_cache,miss,1848,0.100000,,
file_cache,hit,1849,0.039400,,
file_cache,miss,1849,0.101100,,
file_cache,hit,1850,0.035000,,
file_cache,miss,1850,0.101400,,
file_cache,hit,1851,0.034700,,
file_cache,miss,1851,0.100300,,
file_cache,hit,1852,0.034800,,
file_cache,miss,1852,0.104600,,
file_cache,hit,1853,0.034800,,
file_cache,miss,1853,0.100600,,
file_cache,hit,1854,0.036400,,
file_cache,miss,1854,0.102700,,
file_cache,hit,1855,0.112500,,
file_cache,miss,1855,0.177900,,
file_cache,hit,1856,0.041400,,
file_cache,miss,1856,0.107900,,
file_cache,hit,1857,0.036600,,
file_cache,miss,1857,0.115500,,
file_cache,hit,1858,0.035800,,
file_cache,miss,1858,0.102300,,
file_cache,hit,1859,0.035200,,
file_cache,miss,1859,0.101000,,
file_cache,hit,1860,0.035000,,
file_cache,miss,1860,0.101100,,
file_cache,hit,1861,0.034800,,
file_cache,miss,1861,0.101100,,
file_cache,hit,1862,0.035200,,
file_cache,miss,1862,0.100700,,
file_cache,hit,1863,0.034800,,
file_cache,miss,1863,0.102200,,
file_cache,hit,1864,0.042100,,
file_cache,miss,1864,0.101200,,
file_cache,hit,1865,0.036600,,
file_cache,miss,1865,0.101700,,
file_cache,hit,1866,0.084600,,
file_cache,miss,1866,0.157600,,
file_cache,hit,1867,0.039700,,
file_cache,miss,1867,0.106600,,
file_cache,hit,1868,0.036800,,
file_cache,miss,1868,0.103900,,
file_cache,hit,1869,0.035800,,
file_cache,miss,1869,0.102200,,
file_cache,hit,1870,0.035700,,
file_cache,miss,1870,0.110400,,
file_cache,hit,1871,0.038000,,
file_cache,miss,1871,0.103600,,
file_cache,hit,1872,0.035300,,
file_cache,miss,1872,0.102100,,
file_cache,hit,1873,0.035000,,
file_cache,miss,1873,0.101500,,
file_cache,hit,1874,0.035100,,
file_cache,miss,1874,0.108000,,
file_cache,hit,1875,0.035200,,
file_cache,miss,1875,0.102300,,
file_cache,hit,1876,0.035300,,
file_cache,miss,1876,0.102000,,
file_cache,hit,1877,0.035900,,
file_cache,miss,1877,0.109700,,
file_cache,hit,1878,0.035700,,
file_cache,miss,1878,0.102700,,
file_cache,hit,1879,0.035300,,
file_cache,miss,1879,0.112900,,
file_cache,hit,1880,0.035600,,
file_cache,miss,1880,0.103300,,
file_cache,hit,1881,0.035300,,
file_cache,miss,1881,0.105800,,
file_cache,hit,1882,0.035100,,
file_cache,miss,1882,0.100400,,
file_cache,hit,1883,0.034800,,
file_cache,miss,1883,0.102200,,
file_cache,hit,1884,0.034900,,
file_cache,miss,1884,0.102300,,
file_cache,hit,1885,0.035200,,
file_cache,miss,1885,0.101100,,
file_cache,hit,1886,0.035400,,
file_cache,miss,1886,0.102000,,
file_cache,hit,1887,0.036200,,
file_cache,miss,1887,0.103000,,
file_cache,hit,1888,0.035100,,
file_cache,miss,1888,0.107600,,
file_cache,hit,1889,0.036300,,
file_cache,miss,1889,0.103100,,
file_cache,hit,1890,0.035400,,
file_cache,miss,1890,0.101100,,
file_cache,hit,1891,0.035100,,
file_cache,miss,1891,0.103500,,
file_cache,hit,1892,0.035300,,
file_cache,miss,1892,0.103200,,
file_cache,hit,1893,0.035600,,
file_cache,miss,1893,0.100800,,
file_cache,hit,1894,0.035700,,
file_cache,miss,1894,0.101800,,
file_cache,hit,1895,0.034700,,
file_cache,miss,1895,0.110300,,
file_cache,hit,1896,0.040200,,
file_cache,miss,1896,0.102100,,
file_cache,hit,1897,0.034700,,
file_cache,miss,1897,0.100700,,
file_cache,hit,1898,0.035100,,
file_cache,miss,1898,0.105300,,
file_cache,hit,1899,0.035300,,
file_cache,miss,1899,0.100800,,
file_cache,hit,1900,0.034500,,
file_cache,miss,1900,0.100200,,
file_cache,hit,1901,0.035800,,
file_cache,miss,1901,0.100400,,
file_cache,hit,1902,0.034800,,
file_cache,miss,1902,0.100500,,
file_cache,hit,1903,0.050100,,
file_cache,miss,1903,0.107200,,
file_cache,hit,1904,0.036000,,
file_cache,miss,1904,0.100300,,
file_cache,hit,1905,0.034700,,
file_cache,miss,1905,0.105000,,
file_cache,hit,1906,0.035300,,
file_cache,miss,1906,0.100900,,
file_cache,hit,1907,0.034800,,
file_cache,miss,1907,0.101200,,
file_cache,hit,1908,0.034800,,
file_cache,miss,1908,0.101000,,
file_cache,hit,1909,0.034700,,
file_cache,miss,1909,0.102500,,
file_cache,hit,1910,0.035000,,
file_cache,miss,1910,0.101500,,
file_cache,hit,1911,0.037600,,
file_cache,miss,1911,0.102200,,
file_cache,hit,1912,0.036000,,
file_cache,miss,1912,0.107900,,
file_cache,hit,1913,0.036200,,
file_cache,miss,1913,0.104100,,
file_cache,hit,1914,0.035300,,
file_cache,miss,1914,0.101700,,
file_cache,hit,1915,0.035000,,
file_cache,miss,1915,0.120600,,
file_cache,hit,1916,0.038900,,
file_cache,miss,1916,0.144800,,
file_cache,hit,1917,0.035400,,
file_cache,miss,1917,0.102300,,
file_cache,hit,1918,0.035400,,
file_cache,miss,1918,0.102100,,
file_cache,hit,1919,0.035100,,
file_cache,miss,1919,0.101000,,
file_cache,hit,1920,0.034500,,
file_cache,miss,1920,0.101100,,
file_cache,hit,1921,0.035000,,
file_cache,miss,1921,0.100600,,
file_cache,hit,1922,0.034800,,
file_cache,miss,1922,0.103700,,
file_cache,hit,1923,0.041500,,
file_cache,miss,1923,0.102600,,
file_cache,hit,1924,0.034900,,
file_cache,miss,1924,0.101000,,
file_cache,hit,1925,0.035200,,
file_cache,miss,1925,0.100800,,
file_cache,hit,1926,0.036100,,
file_cache,miss,1926,0.113300,,
file_cache,hit,1927,0.036300,,
file_cache,miss,1927,0.129500,,
file_cache,hit,1928,0.035300,,
file_cache,miss,1928,0.107200,,
file_cache,hit,1929,0.035300,,
file_cache,miss,1929,0.109100,,
file_cache,hit,1930,0.036600,,
file_cache,miss,1930,0.107200,,
file_cache,hit,1931,0.072700,,
file_cache,miss,1931,0.102700,,
file_cache,hit,1932,0.034900,,
file_cache,miss,1932,0.102200,,
file_cache,hit,1933,0.035700,,
file_cache,miss,1933,0.112200,,
file_cache,hit,1934,0.041400,,
file_cache,miss,1934,0.101600,,
file_cache,hit,1935,0.034800,,
file_cache,miss,1935,0.100800,,
file_cache,hit,1936,0.035700,,
file_cache,miss,1936,0.100600,,
file_cache,hit,1937,0.034600,,
file_cache,miss,1937,0.107200,,
file_cache,hit,1938,0.035300,,
file_cache,miss,1938,0.100400,,
file_cache,hit,1939,0.035200,,
file_cache,miss,1939,0.100700,,
file_cache,hit,1940,0.034800,,
file_cache,miss,1940,0.101200,,
file_cache,hit,1941,0.035000,,
file_cache,miss,1941,0.102000,,
file_cache,hit,1942,0.034700,,
file_cache,miss,1942,0.100100,,
file_cache,hit,1943,0.034700,,
file_cache,miss,1943,0.100400,,
file_cache,hit,1944,0.034800,,
file_cache,miss,1944,0.110900,,
file_cache,hit,1945,0.035100,,
file_cache,miss,1945,0.100500,,
file_cache,hit,1946,0.034800,,
file_cache,miss,1946,0.101000,,
file_cache,hit,1947,0.035200,,
file_cache,miss,1947,0.098900,,
file_cache,hit,1948,0.033800,,
file_cache,miss,1948,0.101300,,
file_cache,hit,1949,0.034800,,
file_cache,miss,1949,0.100300,,
file_cache,hit,1950,0.034500,,
file_cache,miss,1950,0.100100,,
file_cache,hit,1951,0.034700,,
file_cache,miss,1951,0.104700,,
file_cache,hit,1952,0.035300,,
file_cache,miss,1952,0.100300,,
file_cache,hit,1953,0.034800,,
file_cache,miss,1953,0.101500,,
file_cache,hit,1954,0.034800,,
file_cache,miss,1954,0.100300,,
file_cache,hit,1955,0.035000,,
file_cache,miss,1955,0.100800,,
file_cache,hit,1956,0.034800,,
file_cache,miss,1956,0.099700,,
file_cache,hit,1957,0.036500,,
file_cache,miss,1957,0.101600,,
file_cache,hit,1958,0.034600,,
file_cache,miss,1958,0.105000,,
file_cache,hit,1959,0.034900,,
file_cache,miss,1959,0.100000,,
file_cache,hit,1960,0.034600,,
file_cache,miss,1960,0.100900,,
file_cache,hit,1961,0.034800,,
file_cache,miss,1961,0.104500,,
file_cache,hit,1962,0.034700,,
file_cache,miss,1962,0.212800,,
file_cache,hit,1963,0.072500,,
file_cache,miss,1963,0.127700,,
file_cache,hit,1964,0.039800,,
file_cache,miss,1964,0.107400,,
file_cache,hit,1965,0.039500,,
file_cache,miss,1965,0.103300,,
file_cache,hit,1966,0.035400,,
file_cache,miss,1966,0.118700,,
file_cache,hit,1967,0.035100,,
file_cache,miss,1967,0.102000,,
file_cache,hit,1968,0.116000,,
file_cache,miss,1968,0.117500,,
file_cache,hit,1969,0.034900,,
file_cache,miss,1969,0.101000,,
file_cache,hit,1970,0.035200,,
file_cache,miss,1970,0.101500,,
file_cache,hit,1971,0.035000,,
file_cache,miss,1971,0.103200,,
file_cache,hit,1972,0.035300,,
file_cache,miss,1972,0.122300,,
file_cache,hit,1973,0.034900,,
file_cache,miss,1973,0.101600,,
file_cache,hit,1974,0.034600,,
file_cache,miss,1974,0.100600,,
file_cache,hit,1975,0.035000,,
file_cache,miss,1975,0.101200,,
file_cache,hit,1976,0.034600,,
file_cache,miss,1976,0.102400,,
file_cache,hit,1977,0.034800,,
file_cache,miss,1977,0.100600,,
file_cache,hit,1978,0.034400,,
file_cache,miss,1978,0.100900,,
file_cache,hit,1979,0.074600,,
file_cache,miss,1979,0.121400,,
file_cache,hit,1980,0.039400,,
file_cache,miss,1980,0.188800,,
file_cache,hit,1981,0.104400,,
file_cache,miss,1981,0.142900,,
file_cache,hit,1982,0.040800,,
file_cache,miss,1982,0.109500,,
file_cache,hit,1983,0.036800,,
file_cache,miss,1983,0.121100,,
file_cache,hit,1984,0.035500,,
file_cache,miss,1984,0.102200,,
file_cache,hit,1985,0.036600,,
file_cache,miss,1985,0.101500,,
file_cache,hit,1986,0.035100,,
file_cache,miss,1986,0.103100,,
file_cache,hit,1987,0.035400,,
file_cache,miss,1987,0.101400,,
file_cache,hit,1988,0.040900,,
file_cache,miss,1988,0.109400,,
file_cache,hit,1989,0.035400,,
file_cache,miss,1989,0.103200,,
file_cache,hit,1990,0.049800,,
file_cache,miss,1990,0.104600,,
file_cache,hit,1991,0.036100,,
file_cache,miss,1991,0.103200,,
file_cache,hit,1992,0.035600,,
file_cache,miss,1992,0.105000,,
file_cache,hit,1993,0.036100,,
file_cache,miss,1993,0.103000,,
file_cache,hit,1994,0.036000,,
file_cache,miss,1994,0.102000,,
file_cache,hit,1995,0.035400,,
file_cache,miss,1995,0.101600,,
file_cache,hit,1996,0.035600,,
file_cache,miss,1996,0.105500,,
file_cache,hit,1997,0.034900,,
file_cache,miss,1997,0.100800,,
file_cache,hit,1998,0.039700,,
file_cache,miss,1998,0.104600,,
file_cache,hit,1999,0.035500,,
file_cache,miss,1999,0.101900,,
file_cache,hit,2000,0.035700,,
file_cache,miss,2000,0.101000,,
subtree_delete,linked,1,0.070300,,
subtree_delete,linked,2,0.069800,,
subtree_delete,linked,3,0.070200,,
subtree_delete,linked,4,0.069800,,
subtree_delete,linked,5,0.069400,,
subtree_delete,linked,6,0.069400,,
subtree_delete,linked,7,0.069400,,
subtree_delete,linked,8,0.069700,,
subtree_delete,linked,9,0.069800,,
subtree_delete,linked,10,0.156100,,
subtree_delete,linked,11,0.109400,,
subtree_delete,linked,12,0.109500,,
subtree_delete,linked,13,0.109200,,
subtree_delete,linked,14,0.069700,,
subtree_delete,linked,15,0.069900,,
subtree_delete,linked,16,0.121300,,
subtree_delete,linked,17,0.112300,,
subtree_delete,linked,18,0.070900,,
subtree_delete,linked,19,0.069300,,
subtree_delete,linked,20,0.069500,,
